image_id,label
Corn_Blight (1).jpg,Blight
Corn_Blight (100).jpg,Blight
Corn_Blight (1000).JPG,Blight
Corn_Blight (1001).JPG,Blight
Corn_Blight (1004).JPG,Blight
Corn_Blight (1005).JPG,Blight
Corn_Blight (1006).JPG,Blight
Corn_Blight (1007).JPG,Blight
Corn_Blight (1008).JPG,Blight
Corn_Blight (101).jpg,Blight
Corn_Blight (1011).jpg,Blight
Corn_Blight (1012).JPG,Blight
Corn_Blight (1013).JPG,Blight
Corn_Blight (1015).jpg,Blight
Corn_Blight (1017).JPG,Blight
Corn_Blight (1019).JPG,Blight
Corn_Blight (102).jpg,Blight
Corn_Blight (1020).JPG,Blight
Corn_Blight (1021).JPG,Blight
Corn_Blight (1022).JPG,Blight
Corn_Blight (1023).JPG,Blight
Corn_Blight (1024).JPG,Blight
Corn_Blight (1025).JPG,Blight
Corn_Blight (1027).JPG,Blight
Corn_Blight (1028).JPG,Blight
Corn_Blight (1029).JPG,Blight
Corn_Blight (103).jpg,Blight
Corn_Blight (1030).jpg,Blight
Corn_Blight (1031).JPG,Blight
Corn_Blight (1032).JPG,Blight
Corn_Blight (1034).JPG,Blight
Corn_Blight (1035).JPG,Blight
Corn_Blight (1036).jpg,Blight
Corn_Blight (1037).JPG,Blight
Corn_Blight (1038).jpg,Blight
Corn_Blight (1039).jpg,Blight
Corn_Blight (104).jpg,Blight
Corn_Blight (1040).jpg,Blight
Corn_Blight (1041).JPG,Blight
Corn_Blight (1042).jpg,Blight
Corn_Blight (1044).JPG,Blight
Corn_Blight (1045).JPG,Blight
Corn_Blight (1048).JPG,Blight
Corn_Blight (1049).JPG,Blight
Corn_Blight (1054).jpg,Blight
Corn_Blight (1055).JPG,Blight
Corn_Blight (1057).JPG,Blight
Corn_Blight (1058).jpg,Blight
Corn_Blight (1059).JPG,Blight
Corn_Blight (1061).JPG,Blight
Corn_Blight (1063).JPG,Blight
Corn_Blight (1064).JPG,Blight
Corn_Blight (1065).JPG,Blight
Corn_Blight (1066).JPG,Blight
Corn_Blight (1068).JPG,Blight
Corn_Blight (1069).JPG,Blight
Corn_Blight (1070).JPG,Blight
Corn_Blight (1073).jpg,Blight
Corn_Blight (1074).JPG,Blight
Corn_Blight (1075).JPG,Blight
Corn_Blight (1078).JPG,Blight
Corn_Blight (1079).JPG,Blight
Corn_Blight (108).jpg,Blight
Corn_Blight (1080).JPG,Blight
Corn_Blight (1082).jpg,Blight
Corn_Blight (1085).JPG,Blight
Corn_Blight (1086).JPG,Blight
Corn_Blight (1089).JPG,Blight
Corn_Blight (109).jpg,Blight
Corn_Blight (1090).JPG,Blight
Corn_Blight (1091).JPG,Blight
Corn_Blight (1092).jpg,Blight
Corn_Blight (1093).JPG,Blight
Corn_Blight (1094).JPG,Blight
Corn_Blight (1095).JPG,Blight
Corn_Blight (1096).jpg,Blight
Corn_Blight (1097).jpg,Blight
Corn_Blight (1099).jpg,Blight
Corn_Blight (11).jpg,Blight
Corn_Blight (1100).jpg,Blight
Corn_Blight (1101).jpg,Blight
Corn_Blight (1102).jpg,Blight
Corn_Blight (1103).jpg,Blight
Corn_Blight (1104).jpg,Blight
Corn_Blight (1105).jpg,Blight
Corn_Blight (1106).jpg,Blight
Corn_Blight (1109).jpg,Blight
Corn_Blight (111).JPG,Blight
Corn_Blight (1110).jpg,Blight
Corn_Blight (1111).jpg,Blight
Corn_Blight (1113).jpg,Blight
Corn_Blight (1116).jpg,Blight
Corn_Blight (1117).jpg,Blight
Corn_Blight (1118).jpg,Blight
Corn_Blight (112).JPG,Blight
Corn_Blight (1120).jpg,Blight
Corn_Blight (1121).jpg,Blight
Corn_Blight (1122).jpg,Blight
Corn_Blight (1123).jpg,Blight
Corn_Blight (1124).jpg,Blight
Corn_Blight (1127).jpg,Blight
Corn_Blight (1128).jpg,Blight
Corn_Blight (113).JPG,Blight
Corn_Blight (1130).jpg,Blight
Corn_Blight (1131).jpg,Blight
Corn_Blight (1132).jpg,Blight
Corn_Blight (1133).jpg,Blight
Corn_Blight (1134).jpg,Blight
Corn_Blight (1135).jpg,Blight
Corn_Blight (1136).jpg,Blight
Corn_Blight (1137).jpg,Blight
Corn_Blight (1139).jpg,Blight
Corn_Blight (1140).jpg,Blight
Corn_Blight (1141).jpg,Blight
Corn_Blight (1143).jpg,Blight
Corn_Blight (1145).jpg,Blight
Corn_Blight (116).JPG,Blight
Corn_Blight (117).JPG,Blight
Corn_Blight (120).JPG,Blight
Corn_Blight (121).JPG,Blight
Corn_Blight (122).JPG,Blight
Corn_Blight (123).JPG,Blight
Corn_Blight (124).JPG,Blight
Corn_Blight (125).jpg,Blight
Corn_Blight (126).JPG,Blight
Corn_Blight (128).JPG,Blight
Corn_Blight (129).JPG,Blight
Corn_Blight (13).jpg,Blight
Corn_Blight (130).jpg,Blight
Corn_Blight (131).JPG,Blight
Corn_Blight (132).JPG,Blight
Corn_Blight (133).JPG,Blight
Corn_Blight (136).JPG,Blight
Corn_Blight (14).jpg,Blight
Corn_Blight (140).JPG,Blight
Corn_Blight (142).JPG,Blight
Corn_Blight (144).jpg,Blight
Corn_Blight (146).JPG,Blight
Corn_Blight (147).jpg,Blight
Corn_Blight (148).JPG,Blight
Corn_Blight (149).JPG,Blight
Corn_Blight (150).JPG,Blight
Corn_Blight (153).JPG,Blight
Corn_Blight (154).JPG,Blight
Corn_Blight (156).JPG,Blight
Corn_Blight (157).JPG,Blight
Corn_Blight (158).JPG,Blight
Corn_Blight (159).JPG,Blight
Corn_Blight (16).jpg,Blight
Corn_Blight (160).JPG,Blight
Corn_Blight (165).jpg,Blight
Corn_Blight (166).JPG,Blight
Corn_Blight (168).JPG,Blight
Corn_Blight (170).JPG,Blight
Corn_Blight (171).JPG,Blight
Corn_Blight (173).JPG,Blight
Corn_Blight (175).jpg,Blight
Corn_Blight (176).jpg,Blight
Corn_Blight (177).JPG,Blight
Corn_Blight (18).jpg,Blight
Corn_Blight (180).JPG,Blight
Corn_Blight (181).JPG,Blight
Corn_Blight (182).JPG,Blight
Corn_Blight (184).JPG,Blight
Corn_Blight (187).JPG,Blight
Corn_Blight (19).jpg,Blight
Corn_Blight (191).JPG,Blight
Corn_Blight (192).JPG,Blight
Corn_Blight (193).JPG,Blight
Corn_Blight (198).JPG,Blight
Corn_Blight (199).JPG,Blight
Corn_Blight (2).jpg,Blight
Corn_Blight (20).jpg,Blight
Corn_Blight (200).JPG,Blight
Corn_Blight (201).JPG,Blight
Corn_Blight (202).JPG,Blight
Corn_Blight (203).JPG,Blight
Corn_Blight (204).jpg,Blight
Corn_Blight (205).JPG,Blight
Corn_Blight (206).JPG,Blight
Corn_Blight (207).JPG,Blight
Corn_Blight (208).jpg,Blight
Corn_Blight (209).JPG,Blight
Corn_Blight (21).jpg,Blight
Corn_Blight (211).JPG,Blight
Corn_Blight (212).JPG,Blight
Corn_Blight (213).JPG,Blight
Corn_Blight (214).JPG,Blight
Corn_Blight (215).JPG,Blight
Corn_Blight (216).JPG,Blight
Corn_Blight (217).JPG,Blight
Corn_Blight (218).JPG,Blight
Corn_Blight (219).JPG,Blight
Corn_Blight (22).jpg,Blight
Corn_Blight (220).JPG,Blight
Corn_Blight (222).JPG,Blight
Corn_Blight (224).JPG,Blight
Corn_Blight (225).JPG,Blight
Corn_Blight (226).JPG,Blight
Corn_Blight (227).JPG,Blight
Corn_Blight (228).JPG,Blight
Corn_Blight (229).JPG,Blight
Corn_Blight (230).JPG,Blight
Corn_Blight (231).JPG,Blight
Corn_Blight (232).JPG,Blight
Corn_Blight (233).JPG,Blight
Corn_Blight (234).JPG,Blight
Corn_Blight (235).JPG,Blight
Corn_Blight (236).JPG,Blight
Corn_Blight (237).JPG,Blight
Corn_Blight (238).JPG,Blight
Corn_Blight (239).JPG,Blight
Corn_Blight (240).JPG,Blight
Corn_Blight (241).JPG,Blight
Corn_Blight (242).JPG,Blight
Corn_Blight (243).JPG,Blight
Corn_Blight (244).JPG,Blight
Corn_Blight (245).JPG,Blight
Corn_Blight (246).jpg,Blight
Corn_Blight (247).JPG,Blight
Corn_Blight (248).JPG,Blight
Corn_Blight (250).JPG,Blight
Corn_Blight (251).JPG,Blight
Corn_Blight (252).JPG,Blight
Corn_Blight (255).JPG,Blight
Corn_Blight (257).JPG,Blight
Corn_Blight (259).jpg,Blight
Corn_Blight (26).jpg,Blight
Corn_Blight (262).JPG,Blight
Corn_Blight (263).JPG,Blight
Corn_Blight (264).jpg,Blight
Corn_Blight (266).JPG,Blight
Corn_Blight (269).JPG,Blight
Corn_Blight (27).jpg,Blight
Corn_Blight (270).JPG,Blight
Corn_Blight (272).JPG,Blight
Corn_Blight (273).JPG,Blight
Corn_Blight (274).JPG,Blight
Corn_Blight (275).jpg,Blight
Corn_Blight (276).JPG,Blight
Corn_Blight (277).JPG,Blight
Corn_Blight (278).JPG,Blight
Corn_Blight (280).JPG,Blight
Corn_Blight (281).JPG,Blight
Corn_Blight (283).JPG,Blight
Corn_Blight (284).jpg,Blight
Corn_Blight (285).JPG,Blight
Corn_Blight (286).jpg,Blight
Corn_Blight (287).JPG,Blight
Corn_Blight (288).JPG,Blight
Corn_Blight (289).JPG,Blight
Corn_Blight (29).jpg,Blight
Corn_Blight (290).JPG,Blight
Corn_Blight (291).JPG,Blight
Corn_Blight (292).JPG,Blight
Corn_Blight (294).JPG,Blight
Corn_Blight (295).JPG,Blight
Corn_Blight (297).JPG,Blight
Corn_Blight (298).JPG,Blight
Corn_Blight (299).JPG,Blight
Corn_Blight (3).jpg,Blight
Corn_Blight (30).jpg,Blight
Corn_Blight (301).JPG,Blight
Corn_Blight (302).JPG,Blight
Corn_Blight (303).jpg,Blight
Corn_Blight (304).jpg,Blight
Corn_Blight (305).JPG,Blight
Corn_Blight (306).JPG,Blight
Corn_Blight (307).jpg,Blight
Corn_Blight (308).JPG,Blight
Corn_Blight (309).jpg,Blight
Corn_Blight (31).jpg,Blight
Corn_Blight (311).JPG,Blight
Corn_Blight (312).JPG,Blight
Corn_Blight (313).JPG,Blight
Corn_Blight (314).JPG,Blight
Corn_Blight (315).JPG,Blight
Corn_Blight (317).jpg,Blight
Corn_Blight (318).JPG,Blight
Corn_Blight (319).JPG,Blight
Corn_Blight (32).jpg,Blight
Corn_Blight (321).JPG,Blight
Corn_Blight (322).JPG,Blight
Corn_Blight (323).jpg,Blight
Corn_Blight (324).JPG,Blight
Corn_Blight (325).JPG,Blight
Corn_Blight (327).JPG,Blight
Corn_Blight (328).JPG,Blight
Corn_Blight (329).JPG,Blight
Corn_Blight (33).jpg,Blight
Corn_Blight (330).JPG,Blight
Corn_Blight (331).JPG,Blight
Corn_Blight (332).JPG,Blight
Corn_Blight (335).JPG,Blight
Corn_Blight (337).JPG,Blight
Corn_Blight (34).jpg,Blight
Corn_Blight (340).JPG,Blight
Corn_Blight (342).JPG,Blight
Corn_Blight (343).JPG,Blight
Corn_Blight (344).JPG,Blight
Corn_Blight (346).JPG,Blight
Corn_Blight (347).JPG,Blight
Corn_Blight (348).jpg,Blight
Corn_Blight (349).JPG,Blight
Corn_Blight (35).jpg,Blight
Corn_Blight (350).JPG,Blight
Corn_Blight (351).JPG,Blight
Corn_Blight (352).JPG,Blight
Corn_Blight (354).JPG,Blight
Corn_Blight (355).JPG,Blight
Corn_Blight (358).JPG,Blight
Corn_Blight (36).jpg,Blight
Corn_Blight (360).JPG,Blight
Corn_Blight (361).JPG,Blight
Corn_Blight (362).JPG,Blight
Corn_Blight (365).JPG,Blight
Corn_Blight (366).JPG,Blight
Corn_Blight (367).JPG,Blight
Corn_Blight (368).JPG,Blight
Corn_Blight (369).JPG,Blight
Corn_Blight (372).JPG,Blight
Corn_Blight (374).JPG,Blight
Corn_Blight (376).JPG,Blight
Corn_Blight (377).JPG,Blight
Corn_Blight (378).JPG,Blight
Corn_Blight (38).jpg,Blight
Corn_Blight (381).JPG,Blight
Corn_Blight (382).JPG,Blight
Corn_Blight (384).jpg,Blight
Corn_Blight (385).JPG,Blight
Corn_Blight (388).JPG,Blight
Corn_Blight (389).JPG,Blight
Corn_Blight (390).JPG,Blight
Corn_Blight (391).JPG,Blight
Corn_Blight (392).JPG,Blight
Corn_Blight (394).JPG,Blight
Corn_Blight (395).JPG,Blight
Corn_Blight (397).JPG,Blight
Corn_Blight (399).jpg,Blight
Corn_Blight (4).jpg,Blight
Corn_Blight (40).jpg,Blight
Corn_Blight (400).JPG,Blight
Corn_Blight (401).JPG,Blight
Corn_Blight (403).JPG,Blight
Corn_Blight (405).JPG,Blight
Corn_Blight (407).JPG,Blight
Corn_Blight (408).JPG,Blight
Corn_Blight (409).JPG,Blight
Corn_Blight (410).JPG,Blight
Corn_Blight (411).JPG,Blight
Corn_Blight (412).JPG,Blight
Corn_Blight (413).JPG,Blight
Corn_Blight (416).JPG,Blight
Corn_Blight (419).JPG,Blight
Corn_Blight (42).jpg,Blight
Corn_Blight (420).JPG,Blight
Corn_Blight (422).jpg,Blight
Corn_Blight (423).jpg,Blight
Corn_Blight (424).JPG,Blight
Corn_Blight (425).JPG,Blight
Corn_Blight (426).JPG,Blight
Corn_Blight (427).JPG,Blight
Corn_Blight (428).JPG,Blight
Corn_Blight (429).JPG,Blight
Corn_Blight (430).JPG,Blight
Corn_Blight (431).JPG,Blight
Corn_Blight (432).JPG,Blight
Corn_Blight (433).jpg,Blight
Corn_Blight (436).JPG,Blight
Corn_Blight (437).JPG,Blight
Corn_Blight (438).jpg,Blight
Corn_Blight (439).jpg,Blight
Corn_Blight (44).jpg,Blight
Corn_Blight (441).JPG,Blight
Corn_Blight (442).JPG,Blight
Corn_Blight (444).JPG,Blight
Corn_Blight (445).JPG,Blight
Corn_Blight (446).JPG,Blight
Corn_Blight (447).JPG,Blight
Corn_Blight (448).JPG,Blight
Corn_Blight (449).JPG,Blight
Corn_Blight (45).jpg,Blight
Corn_Blight (450).JPG,Blight
Corn_Blight (457).JPG,Blight
Corn_Blight (46).jpg,Blight
Corn_Blight (462).JPG,Blight
Corn_Blight (463).JPG,Blight
Corn_Blight (466).JPG,Blight
Corn_Blight (468).JPG,Blight
Corn_Blight (469).JPG,Blight
Corn_Blight (47).jpg,Blight
Corn_Blight (470).JPG,Blight
Corn_Blight (471).JPG,Blight
Corn_Blight (472).JPG,Blight
Corn_Blight (475).JPG,Blight
Corn_Blight (476).JPG,Blight
Corn_Blight (477).JPG,Blight
Corn_Blight (479).JPG,Blight
Corn_Blight (480).JPG,Blight
Corn_Blight (481).JPG,Blight
Corn_Blight (482).JPG,Blight
Corn_Blight (483).JPG,Blight
Corn_Blight (484).JPG,Blight
Corn_Blight (485).JPG,Blight
Corn_Blight (486).JPG,Blight
Corn_Blight (487).JPG,Blight
Corn_Blight (488).JPG,Blight
Corn_Blight (489).JPG,Blight
Corn_Blight (490).jpg,Blight
Corn_Blight (491).jpg,Blight
Corn_Blight (494).JPG,Blight
Corn_Blight (495).JPG,Blight
Corn_Blight (496).JPG,Blight
Corn_Blight (497).JPG,Blight
Corn_Blight (498).jpg,Blight
Corn_Blight (5).jpg,Blight
Corn_Blight (501).JPG,Blight
Corn_Blight (502).JPG,Blight
Corn_Blight (503).JPG,Blight
Corn_Blight (504).JPG,Blight
Corn_Blight (506).JPG,Blight
Corn_Blight (51).jpg,Blight
Corn_Blight (510).jpg,Blight
Corn_Blight (511).JPG,Blight
Corn_Blight (512).JPG,Blight
Corn_Blight (513).JPG,Blight
Corn_Blight (516).JPG,Blight
Corn_Blight (518).JPG,Blight
Corn_Blight (52).jpg,Blight
Corn_Blight (520).JPG,Blight
Corn_Blight (521).JPG,Blight
Corn_Blight (522).JPG,Blight
Corn_Blight (523).JPG,Blight
Corn_Blight (524).JPG,Blight
Corn_Blight (525).JPG,Blight
Corn_Blight (527).JPG,Blight
Corn_Blight (529).JPG,Blight
Corn_Blight (53).jpg,Blight
Corn_Blight (530).JPG,Blight
Corn_Blight (531).JPG,Blight
Corn_Blight (532).JPG,Blight
Corn_Blight (533).JPG,Blight
Corn_Blight (534).JPG,Blight
Corn_Blight (535).JPG,Blight
Corn_Blight (536).JPG,Blight
Corn_Blight (537).JPG,Blight
Corn_Blight (539).JPG,Blight
Corn_Blight (54).jpg,Blight
Corn_Blight (540).jpg,Blight
Corn_Blight (541).jpg,Blight
Corn_Blight (542).jpg,Blight
Corn_Blight (543).JPG,Blight
Corn_Blight (544).JPG,Blight
Corn_Blight (545).JPG,Blight
Corn_Blight (546).JPG,Blight
Corn_Blight (548).JPG,Blight
Corn_Blight (55).jpg,Blight
Corn_Blight (550).jpg,Blight
Corn_Blight (551).JPG,Blight
Corn_Blight (552).JPG,Blight
Corn_Blight (553).JPG,Blight
Corn_Blight (554).JPG,Blight
Corn_Blight (555).JPG,Blight
Corn_Blight (557).jpg,Blight
Corn_Blight (558).JPG,Blight
Corn_Blight (559).JPG,Blight
Corn_Blight (56).jpg,Blight
Corn_Blight (560).JPG,Blight
Corn_Blight (561).jpg,Blight
Corn_Blight (563).JPG,Blight
Corn_Blight (564).JPG,Blight
Corn_Blight (567).JPG,Blight
Corn_Blight (569).JPG,Blight
Corn_Blight (570).JPG,Blight
Corn_Blight (571).JPG,Blight
Corn_Blight (572).JPG,Blight
Corn_Blight (576).JPG,Blight
Corn_Blight (578).JPG,Blight
Corn_Blight (579).JPG,Blight
Corn_Blight (58).jpg,Blight
Corn_Blight (580).jpg,Blight
Corn_Blight (581).JPG,Blight
Corn_Blight (582).jpg,Blight
Corn_Blight (583).JPG,Blight
Corn_Blight (585).JPG,Blight
Corn_Blight (587).JPG,Blight
Corn_Blight (589).JPG,Blight
Corn_Blight (590).JPG,Blight
Corn_Blight (591).jpg,Blight
Corn_Blight (592).JPG,Blight
Corn_Blight (593).JPG,Blight
Corn_Blight (595).JPG,Blight
Corn_Blight (596).JPG,Blight
Corn_Blight (597).jpg,Blight
Corn_Blight (598).JPG,Blight
Corn_Blight (599).JPG,Blight
Corn_Blight (6).jpg,Blight
Corn_Blight (60).jpg,Blight
Corn_Blight (601).jpg,Blight
Corn_Blight (603).JPG,Blight
Corn_Blight (604).JPG,Blight
Corn_Blight (605).JPG,Blight
Corn_Blight (606).JPG,Blight
Corn_Blight (607).JPG,Blight
Corn_Blight (608).JPG,Blight
Corn_Blight (61).jpg,Blight
Corn_Blight (610).JPG,Blight
Corn_Blight (611).JPG,Blight
Corn_Blight (612).JPG,Blight
Corn_Blight (613).JPG,Blight
Corn_Blight (614).JPG,Blight
Corn_Blight (615).JPG,Blight
Corn_Blight (616).JPG,Blight
Corn_Blight (617).JPG,Blight
Corn_Blight (618).JPG,Blight
Corn_Blight (62).jpg,Blight
Corn_Blight (620).JPG,Blight
Corn_Blight (622).JPG,Blight
Corn_Blight (623).JPG,Blight
Corn_Blight (625).JPG,Blight
Corn_Blight (626).JPG,Blight
Corn_Blight (627).JPG,Blight
Corn_Blight (628).JPG,Blight
Corn_Blight (63).jpg,Blight
Corn_Blight (630).JPG,Blight
Corn_Blight (631).JPG,Blight
Corn_Blight (632).JPG,Blight
Corn_Blight (635).JPG,Blight
Corn_Blight (636).jpg,Blight
Corn_Blight (637).JPG,Blight
Corn_Blight (642).JPG,Blight
Corn_Blight (643).JPG,Blight
Corn_Blight (644).JPG,Blight
Corn_Blight (646).jpg,Blight
Corn_Blight (647).JPG,Blight
Corn_Blight (648).JPG,Blight
Corn_Blight (649).JPG,Blight
Corn_Blight (650).jpg,Blight
Corn_Blight (651).JPG,Blight
Corn_Blight (652).JPG,Blight
Corn_Blight (653).JPG,Blight
Corn_Blight (654).JPG,Blight
Corn_Blight (655).jpg,Blight
Corn_Blight (657).JPG,Blight
Corn_Blight (658).JPG,Blight
Corn_Blight (659).JPG,Blight
Corn_Blight (66).jpg,Blight
Corn_Blight (660).JPG,Blight
Corn_Blight (662).JPG,Blight
Corn_Blight (664).JPG,Blight
Corn_Blight (666).JPG,Blight
Corn_Blight (669).JPG,Blight
Corn_Blight (671).JPG,Blight
Corn_Blight (672).JPG,Blight
Corn_Blight (674).JPG,Blight
Corn_Blight (675).JPG,Blight
Corn_Blight (676).JPG,Blight
Corn_Blight (678).jpg,Blight
Corn_Blight (679).JPG,Blight
Corn_Blight (68).jpg,Blight
Corn_Blight (680).JPG,Blight
Corn_Blight (681).JPG,Blight
Corn_Blight (682).JPG,Blight
Corn_Blight (683).JPG,Blight
Corn_Blight (684).JPG,Blight
Corn_Blight (686).JPG,Blight
Corn_Blight (687).JPG,Blight
Corn_Blight (688).JPG,Blight
Corn_Blight (689).JPG,Blight
Corn_Blight (691).JPG,Blight
Corn_Blight (692).JPG,Blight
Corn_Blight (693).JPG,Blight
Corn_Blight (694).JPG,Blight
Corn_Blight (695).JPG,Blight
Corn_Blight (696).JPG,Blight
Corn_Blight (698).JPG,Blight
Corn_Blight (699).JPG,Blight
Corn_Blight (7).jpg,Blight
Corn_Blight (70).jpg,Blight
Corn_Blight (700).JPG,Blight
Corn_Blight (701).JPG,Blight
Corn_Blight (703).jpg,Blight
Corn_Blight (705).JPG,Blight
Corn_Blight (707).JPG,Blight
Corn_Blight (708).JPG,Blight
Corn_Blight (709).jpg,Blight
Corn_Blight (71).jpg,Blight
Corn_Blight (713).jpg,Blight
Corn_Blight (714).JPG,Blight
Corn_Blight (715).JPG,Blight
Corn_Blight (716).JPG,Blight
Corn_Blight (717).JPG,Blight
Corn_Blight (718).jpg,Blight
Corn_Blight (72).jpg,Blight
Corn_Blight (720).jpg,Blight
Corn_Blight (721).JPG,Blight
Corn_Blight (722).JPG,Blight
Corn_Blight (723).jpg,Blight
Corn_Blight (724).JPG,Blight
Corn_Blight (725).JPG,Blight
Corn_Blight (726).JPG,Blight
Corn_Blight (727).JPG,Blight
Corn_Blight (728).JPG,Blight
Corn_Blight (729).JPG,Blight
Corn_Blight (73).jpg,Blight
Corn_Blight (730).JPG,Blight
Corn_Blight (731).JPG,Blight
Corn_Blight (732).JPG,Blight
Corn_Blight (734).JPG,Blight
Corn_Blight (735).jpg,Blight
Corn_Blight (736).JPG,Blight
Corn_Blight (737).JPG,Blight
Corn_Blight (739).JPG,Blight
Corn_Blight (74).jpg,Blight
Corn_Blight (741).JPG,Blight
Corn_Blight (743).jpg,Blight
Corn_Blight (744).JPG,Blight
Corn_Blight (747).JPG,Blight
Corn_Blight (748).JPG,Blight
Corn_Blight (749).JPG,Blight
Corn_Blight (75).jpg,Blight
Corn_Blight (750).JPG,Blight
Corn_Blight (752).JPG,Blight
Corn_Blight (753).JPG,Blight
Corn_Blight (754).jpg,Blight
Corn_Blight (755).JPG,Blight
Corn_Blight (756).JPG,Blight
Corn_Blight (758).JPG,Blight
Corn_Blight (759).JPG,Blight
Corn_Blight (760).JPG,Blight
Corn_Blight (762).JPG,Blight
Corn_Blight (765).JPG,Blight
Corn_Blight (766).JPG,Blight
Corn_Blight (767).JPG,Blight
Corn_Blight (768).JPG,Blight
Corn_Blight (77).jpg,Blight
Corn_Blight (770).JPG,Blight
Corn_Blight (774).JPG,Blight
Corn_Blight (775).JPG,Blight
Corn_Blight (776).JPG,Blight
Corn_Blight (778).JPG,Blight
Corn_Blight (779).JPG,Blight
Corn_Blight (78).jpg,Blight
Corn_Blight (782).JPG,Blight
Corn_Blight (783).JPG,Blight
Corn_Blight (784).jpg,Blight
Corn_Blight (785).JPG,Blight
Corn_Blight (786).JPG,Blight
Corn_Blight (789).JPG,Blight
Corn_Blight (79).jpg,Blight
Corn_Blight (791).JPG,Blight
Corn_Blight (793).JPG,Blight
Corn_Blight (794).JPG,Blight
Corn_Blight (796).JPG,Blight
Corn_Blight (798).JPG,Blight
Corn_Blight (799).JPG,Blight
Corn_Blight (80).jpg,Blight
Corn_Blight (804).JPG,Blight
Corn_Blight (805).JPG,Blight
Corn_Blight (806).JPG,Blight
Corn_Blight (807).JPG,Blight
Corn_Blight (809).JPG,Blight
Corn_Blight (810).JPG,Blight
Corn_Blight (811).JPG,Blight
Corn_Blight (814).JPG,Blight
Corn_Blight (815).JPG,Blight
Corn_Blight (816).JPG,Blight
Corn_Blight (82).jpg,Blight
Corn_Blight (820).jpg,Blight
Corn_Blight (821).JPG,Blight
Corn_Blight (822).JPG,Blight
Corn_Blight (824).JPG,Blight
Corn_Blight (825).JPG,Blight
Corn_Blight (826).JPG,Blight
Corn_Blight (827).JPG,Blight
Corn_Blight (828).JPG,Blight
Corn_Blight (829).JPG,Blight
Corn_Blight (830).jpg,Blight
Corn_Blight (831).jpg,Blight
Corn_Blight (832).JPG,Blight
Corn_Blight (833).JPG,Blight
Corn_Blight (834).JPG,Blight
Corn_Blight (835).JPG,Blight
Corn_Blight (836).JPG,Blight
Corn_Blight (838).JPG,Blight
Corn_Blight (839).JPG,Blight
Corn_Blight (840).JPG,Blight
Corn_Blight (841).JPG,Blight
Corn_Blight (842).JPG,Blight
Corn_Blight (844).JPG,Blight
Corn_Blight (845).JPG,Blight
Corn_Blight (847).JPG,Blight
Corn_Blight (848).JPG,Blight
Corn_Blight (849).JPG,Blight
Corn_Blight (85).jpg,Blight
Corn_Blight (850).JPG,Blight
Corn_Blight (851).jpg,Blight
Corn_Blight (852).JPG,Blight
Corn_Blight (854).JPG,Blight
Corn_Blight (856).JPG,Blight
Corn_Blight (857).JPG,Blight
Corn_Blight (858).JPG,Blight
Corn_Blight (86).jpg,Blight
Corn_Blight (860).JPG,Blight
Corn_Blight (861).JPG,Blight
Corn_Blight (863).JPG,Blight
Corn_Blight (864).JPG,Blight
Corn_Blight (868).JPG,Blight
Corn_Blight (87).jpg,Blight
Corn_Blight (870).JPG,Blight
Corn_Blight (871).JPG,Blight
Corn_Blight (872).JPG,Blight
Corn_Blight (873).JPG,Blight
Corn_Blight (874).JPG,Blight
Corn_Blight (875).JPG,Blight
Corn_Blight (878).JPG,Blight
Corn_Blight (880).JPG,Blight
Corn_Blight (881).JPG,Blight
Corn_Blight (883).JPG,Blight
Corn_Blight (884).JPG,Blight
Corn_Blight (885).JPG,Blight
Corn_Blight (886).JPG,Blight
Corn_Blight (887).JPG,Blight
Corn_Blight (889).JPG,Blight
Corn_Blight (89).jpg,Blight
Corn_Blight (891).JPG,Blight
Corn_Blight (892).JPG,Blight
Corn_Blight (893).JPG,Blight
Corn_Blight (894).JPG,Blight
Corn_Blight (895).JPG,Blight
Corn_Blight (896).JPG,Blight
Corn_Blight (897).JPG,Blight
Corn_Blight (898).jpg,Blight
Corn_Blight (9).jpg,Blight
Corn_Blight (900).JPG,Blight
Corn_Blight (902).JPG,Blight
Corn_Blight (903).JPG,Blight
Corn_Blight (904).JPG,Blight
Corn_Blight (905).JPG,Blight
Corn_Blight (907).JPG,Blight
Corn_Blight (908).JPG,Blight
Corn_Blight (909).jpg,Blight
Corn_Blight (910).JPG,Blight
Corn_Blight (911).JPG,Blight
Corn_Blight (912).JPG,Blight
Corn_Blight (913).jpg,Blight
Corn_Blight (914).JPG,Blight
Corn_Blight (915).jpg,Blight
Corn_Blight (916).JPG,Blight
Corn_Blight (917).JPG,Blight
Corn_Blight (918).JPG,Blight
Corn_Blight (919).JPG,Blight
Corn_Blight (920).JPG,Blight
Corn_Blight (923).JPG,Blight
Corn_Blight (924).JPG,Blight
Corn_Blight (925).JPG,Blight
Corn_Blight (926).jpg,Blight
Corn_Blight (929).JPG,Blight
Corn_Blight (93).jpg,Blight
Corn_Blight (932).JPG,Blight
Corn_Blight (934).JPG,Blight
Corn_Blight (937).JPG,Blight
Corn_Blight (938).JPG,Blight
Corn_Blight (939).JPG,Blight
Corn_Blight (94).jpg,Blight
Corn_Blight (940).JPG,Blight
Corn_Blight (941).JPG,Blight
Corn_Blight (944).JPG,Blight
Corn_Blight (945).JPG,Blight
Corn_Blight (946).JPG,Blight
Corn_Blight (948).JPG,Blight
Corn_Blight (950).JPG,Blight
Corn_Blight (951).JPG,Blight
Corn_Blight (952).JPG,Blight
Corn_Blight (954).JPG,Blight
Corn_Blight (955).JPG,Blight
Corn_Blight (957).jpg,Blight
Corn_Blight (959).jpg,Blight
Corn_Blight (960).jpg,Blight
Corn_Blight (962).JPG,Blight
Corn_Blight (964).JPG,Blight
Corn_Blight (965).JPG,Blight
Corn_Blight (966).jpg,Blight
Corn_Blight (968).jpg,Blight
Corn_Blight (97).jpg,Blight
Corn_Blight (970).JPG,Blight
Corn_Blight (973).jpg,Blight
Corn_Blight (976).JPG,Blight
Corn_Blight (977).JPG,Blight
Corn_Blight (978).jpg,Blight
Corn_Blight (98).jpg,Blight
Corn_Blight (980).JPG,Blight
Corn_Blight (981).JPG,Blight
Corn_Blight (982).JPG,Blight
Corn_Blight (983).jpg,Blight
Corn_Blight (984).JPG,Blight
Corn_Blight (985).JPG,Blight
Corn_Blight (987).JPG,Blight
Corn_Blight (988).JPG,Blight
Corn_Blight (989).JPG,Blight
Corn_Blight (991).JPG,Blight
Corn_Blight (995).JPG,Blight
Corn_Common_Rust (1).jpg,Common_Rust
Corn_Common_Rust (10).jpg,Common_Rust
Corn_Common_Rust (100).JPG,Common_Rust
Corn_Common_Rust (1000).JPG,Common_Rust
Corn_Common_Rust (1001).JPG,Common_Rust
Corn_Common_Rust (1004).JPG,Common_Rust
Corn_Common_Rust (1005).JPG,Common_Rust
Corn_Common_Rust (1006).JPG,Common_Rust
Corn_Common_Rust (1007).JPG,Common_Rust
Corn_Common_Rust (1008).JPG,Common_Rust
Corn_Common_Rust (1009).JPG,Common_Rust
Corn_Common_Rust (101).JPG,Common_Rust
Corn_Common_Rust (1010).JPG,Common_Rust
Corn_Common_Rust (1011).JPG,Common_Rust
Corn_Common_Rust (1013).JPG,Common_Rust
Corn_Common_Rust (1014).JPG,Common_Rust
Corn_Common_Rust (1016).JPG,Common_Rust
Corn_Common_Rust (1017).JPG,Common_Rust
Corn_Common_Rust (1018).JPG,Common_Rust
Corn_Common_Rust (1019).JPG,Common_Rust
Corn_Common_Rust (102).JPG,Common_Rust
Corn_Common_Rust (1020).JPG,Common_Rust
Corn_Common_Rust (1022).JPG,Common_Rust
Corn_Common_Rust (1028).JPG,Common_Rust
Corn_Common_Rust (1029).JPG,Common_Rust
Corn_Common_Rust (103).JPG,Common_Rust
Corn_Common_Rust (1030).JPG,Common_Rust
Corn_Common_Rust (1031).JPG,Common_Rust
Corn_Common_Rust (1032).JPG,Common_Rust
Corn_Common_Rust (1033).JPG,Common_Rust
Corn_Common_Rust (1034).JPG,Common_Rust
Corn_Common_Rust (1035).JPG,Common_Rust
Corn_Common_Rust (1036).JPG,Common_Rust
Corn_Common_Rust (1039).JPG,Common_Rust
Corn_Common_Rust (104).JPG,Common_Rust
Corn_Common_Rust (1040).JPG,Common_Rust
Corn_Common_Rust (1041).JPG,Common_Rust
Corn_Common_Rust (1042).JPG,Common_Rust
Corn_Common_Rust (1043).JPG,Common_Rust
Corn_Common_Rust (1046).JPG,Common_Rust
Corn_Common_Rust (1047).JPG,Common_Rust
Corn_Common_Rust (1048).JPG,Common_Rust
Corn_Common_Rust (1049).JPG,Common_Rust
Corn_Common_Rust (105).JPG,Common_Rust
Corn_Common_Rust (1050).JPG,Common_Rust
Corn_Common_Rust (1052).JPG,Common_Rust
Corn_Common_Rust (1054).JPG,Common_Rust
Corn_Common_Rust (1056).JPG,Common_Rust
Corn_Common_Rust (1057).JPG,Common_Rust
Corn_Common_Rust (1058).JPG,Common_Rust
Corn_Common_Rust (1060).JPG,Common_Rust
Corn_Common_Rust (1061).JPG,Common_Rust
Corn_Common_Rust (1063).JPG,Common_Rust
Corn_Common_Rust (1065).JPG,Common_Rust
Corn_Common_Rust (1066).JPG,Common_Rust
Corn_Common_Rust (1068).JPG,Common_Rust
Corn_Common_Rust (1069).JPG,Common_Rust
Corn_Common_Rust (107).JPG,Common_Rust
Corn_Common_Rust (1071).JPG,Common_Rust
Corn_Common_Rust (1072).JPG,Common_Rust
Corn_Common_Rust (1073).JPG,Common_Rust
Corn_Common_Rust (1074).JPG,Common_Rust
Corn_Common_Rust (1075).JPG,Common_Rust
Corn_Common_Rust (1076).JPG,Common_Rust
Corn_Common_Rust (1079).JPG,Common_Rust
Corn_Common_Rust (108).JPG,Common_Rust
Corn_Common_Rust (1080).JPG,Common_Rust
Corn_Common_Rust (1085).JPG,Common_Rust
Corn_Common_Rust (1086).JPG,Common_Rust
Corn_Common_Rust (1088).JPG,Common_Rust
Corn_Common_Rust (109).JPG,Common_Rust
Corn_Common_Rust (1090).JPG,Common_Rust
Corn_Common_Rust (1092).JPG,Common_Rust
Corn_Common_Rust (1093).JPG,Common_Rust
Corn_Common_Rust (1096).JPG,Common_Rust
Corn_Common_Rust (1097).JPG,Common_Rust
Corn_Common_Rust (1099).JPG,Common_Rust
Corn_Common_Rust (11).jpg,Common_Rust
Corn_Common_Rust (110).JPG,Common_Rust
Corn_Common_Rust (1101).JPG,Common_Rust
Corn_Common_Rust (1102).JPG,Common_Rust
Corn_Common_Rust (1104).JPG,Common_Rust
Corn_Common_Rust (1105).JPG,Common_Rust
Corn_Common_Rust (1106).JPG,Common_Rust
Corn_Common_Rust (1107).JPG,Common_Rust
Corn_Common_Rust (1108).JPG,Common_Rust
Corn_Common_Rust (1109).JPG,Common_Rust
Corn_Common_Rust (1111).JPG,Common_Rust
Corn_Common_Rust (1112).JPG,Common_Rust
Corn_Common_Rust (1113).JPG,Common_Rust
Corn_Common_Rust (1116).JPG,Common_Rust
Corn_Common_Rust (1117).JPG,Common_Rust
Corn_Common_Rust (112).JPG,Common_Rust
Corn_Common_Rust (1120).JPG,Common_Rust
Corn_Common_Rust (1122).JPG,Common_Rust
Corn_Common_Rust (1123).JPG,Common_Rust
Corn_Common_Rust (1125).JPG,Common_Rust
Corn_Common_Rust (1126).JPG,Common_Rust
Corn_Common_Rust (1127).JPG,Common_Rust
Corn_Common_Rust (1128).JPG,Common_Rust
Corn_Common_Rust (1130).JPG,Common_Rust
Corn_Common_Rust (1131).JPG,Common_Rust
Corn_Common_Rust (1132).JPG,Common_Rust
Corn_Common_Rust (1135).JPG,Common_Rust
Corn_Common_Rust (1138).JPG,Common_Rust
Corn_Common_Rust (1139).JPG,Common_Rust
Corn_Common_Rust (114).JPG,Common_Rust
Corn_Common_Rust (1141).JPG,Common_Rust
Corn_Common_Rust (1142).JPG,Common_Rust
Corn_Common_Rust (1144).JPG,Common_Rust
Corn_Common_Rust (1145).JPG,Common_Rust
Corn_Common_Rust (1148).JPG,Common_Rust
Corn_Common_Rust (1149).JPG,Common_Rust
Corn_Common_Rust (115).JPG,Common_Rust
Corn_Common_Rust (1150).JPG,Common_Rust
Corn_Common_Rust (1151).JPG,Common_Rust
Corn_Common_Rust (1152).JPG,Common_Rust
Corn_Common_Rust (1153).JPG,Common_Rust
Corn_Common_Rust (1154).JPG,Common_Rust
Corn_Common_Rust (1155).JPG,Common_Rust
Corn_Common_Rust (1156).JPG,Common_Rust
Corn_Common_Rust (1157).JPG,Common_Rust
Corn_Common_Rust (1158).JPG,Common_Rust
Corn_Common_Rust (1159).JPG,Common_Rust
Corn_Common_Rust (116).JPG,Common_Rust
Corn_Common_Rust (1160).JPG,Common_Rust
Corn_Common_Rust (1161).JPG,Common_Rust
Corn_Common_Rust (1162).JPG,Common_Rust
Corn_Common_Rust (1163).JPG,Common_Rust
Corn_Common_Rust (1166).JPG,Common_Rust
Corn_Common_Rust (1168).JPG,Common_Rust
Corn_Common_Rust (1169).JPG,Common_Rust
Corn_Common_Rust (117).JPG,Common_Rust
Corn_Common_Rust (1170).JPG,Common_Rust
Corn_Common_Rust (1171).JPG,Common_Rust
Corn_Common_Rust (1172).JPG,Common_Rust
Corn_Common_Rust (1174).JPG,Common_Rust
Corn_Common_Rust (1175).JPG,Common_Rust
Corn_Common_Rust (1176).JPG,Common_Rust
Corn_Common_Rust (1179).JPG,Common_Rust
Corn_Common_Rust (1184).JPG,Common_Rust
Corn_Common_Rust (1185).JPG,Common_Rust
Corn_Common_Rust (1186).JPG,Common_Rust
Corn_Common_Rust (1187).JPG,Common_Rust
Corn_Common_Rust (1188).JPG,Common_Rust
Corn_Common_Rust (1189).JPG,Common_Rust
Corn_Common_Rust (119).JPG,Common_Rust
Corn_Common_Rust (1190).JPG,Common_Rust
Corn_Common_Rust (1191).JPG,Common_Rust
Corn_Common_Rust (1192).JPG,Common_Rust
Corn_Common_Rust (1193).JPG,Common_Rust
Corn_Common_Rust (1196).JPG,Common_Rust
Corn_Common_Rust (1199).JPG,Common_Rust
Corn_Common_Rust (120).JPG,Common_Rust
Corn_Common_Rust (1201).JPG,Common_Rust
Corn_Common_Rust (1202).JPG,Common_Rust
Corn_Common_Rust (1203).JPG,Common_Rust
Corn_Common_Rust (1205).JPG,Common_Rust
Corn_Common_Rust (1208).JPG,Common_Rust
Corn_Common_Rust (1210).JPG,Common_Rust
Corn_Common_Rust (1213).JPG,Common_Rust
Corn_Common_Rust (1214).JPG,Common_Rust
Corn_Common_Rust (1215).JPG,Common_Rust
Corn_Common_Rust (1216).JPG,Common_Rust
Corn_Common_Rust (1217).JPG,Common_Rust
Corn_Common_Rust (1218).JPG,Common_Rust
Corn_Common_Rust (1219).JPG,Common_Rust
Corn_Common_Rust (122).JPG,Common_Rust
Corn_Common_Rust (1220).JPG,Common_Rust
Corn_Common_Rust (1221).JPG,Common_Rust
Corn_Common_Rust (1222).JPG,Common_Rust
Corn_Common_Rust (1224).JPG,Common_Rust
Corn_Common_Rust (1225).JPG,Common_Rust
Corn_Common_Rust (1227).JPG,Common_Rust
Corn_Common_Rust (1228).JPG,Common_Rust
Corn_Common_Rust (1229).JPG,Common_Rust
Corn_Common_Rust (1232).JPG,Common_Rust
Corn_Common_Rust (1233).JPG,Common_Rust
Corn_Common_Rust (1234).JPG,Common_Rust
Corn_Common_Rust (1235).JPG,Common_Rust
Corn_Common_Rust (1236).JPG,Common_Rust
Corn_Common_Rust (1237).JPG,Common_Rust
Corn_Common_Rust (1239).JPG,Common_Rust
Corn_Common_Rust (124).JPG,Common_Rust
Corn_Common_Rust (1242).JPG,Common_Rust
Corn_Common_Rust (1243).JPG,Common_Rust
Corn_Common_Rust (1245).JPG,Common_Rust
Corn_Common_Rust (1246).JPG,Common_Rust
Corn_Common_Rust (1247).JPG,Common_Rust
Corn_Common_Rust (1249).JPG,Common_Rust
Corn_Common_Rust (1251).JPG,Common_Rust
Corn_Common_Rust (1252).JPG,Common_Rust
Corn_Common_Rust (1253).JPG,Common_Rust
Corn_Common_Rust (1254).JPG,Common_Rust
Corn_Common_Rust (1257).JPG,Common_Rust
Corn_Common_Rust (1259).JPG,Common_Rust
Corn_Common_Rust (126).JPG,Common_Rust
Corn_Common_Rust (1260).JPG,Common_Rust
Corn_Common_Rust (1261).JPG,Common_Rust
Corn_Common_Rust (1266).jpg,Common_Rust
Corn_Common_Rust (1268).jpg,Common_Rust
Corn_Common_Rust (1269).jpg,Common_Rust
Corn_Common_Rust (127).JPG,Common_Rust
Corn_Common_Rust (1272).jpg,Common_Rust
Corn_Common_Rust (1273).jpg,Common_Rust
Corn_Common_Rust (1274).jpg,Common_Rust
Corn_Common_Rust (1275).jpg,Common_Rust
Corn_Common_Rust (1276).jpg,Common_Rust
Corn_Common_Rust (1277).jpg,Common_Rust
Corn_Common_Rust (1278).jpg,Common_Rust
Corn_Common_Rust (1279).jpg,Common_Rust
Corn_Common_Rust (1280).jpg,Common_Rust
Corn_Common_Rust (1281).jpg,Common_Rust
Corn_Common_Rust (1282).jpg,Common_Rust
Corn_Common_Rust (1284).jpg,Common_Rust
Corn_Common_Rust (1285).jpg,Common_Rust
Corn_Common_Rust (1287).jpg,Common_Rust
Corn_Common_Rust (1288).jpg,Common_Rust
Corn_Common_Rust (1289).jpg,Common_Rust
Corn_Common_Rust (1290).jpg,Common_Rust
Corn_Common_Rust (1291).jpg,Common_Rust
Corn_Common_Rust (1292).jpg,Common_Rust
Corn_Common_Rust (1293).jpg,Common_Rust
Corn_Common_Rust (1294).jpg,Common_Rust
Corn_Common_Rust (1295).jpg,Common_Rust
Corn_Common_Rust (1296).jpg,Common_Rust
Corn_Common_Rust (1297).jpg,Common_Rust
Corn_Common_Rust (1299).jpg,Common_Rust
Corn_Common_Rust (13).jpg,Common_Rust
Corn_Common_Rust (130).JPG,Common_Rust
Corn_Common_Rust (1302).jpg,Common_Rust
Corn_Common_Rust (1303).jpg,Common_Rust
Corn_Common_Rust (1305).jpg,Common_Rust
Corn_Common_Rust (1306).jpg,Common_Rust
Corn_Common_Rust (131).JPG,Common_Rust
Corn_Common_Rust (132).JPG,Common_Rust
Corn_Common_Rust (133).JPG,Common_Rust
Corn_Common_Rust (134).JPG,Common_Rust
Corn_Common_Rust (138).JPG,Common_Rust
Corn_Common_Rust (139).JPG,Common_Rust
Corn_Common_Rust (14).jpg,Common_Rust
Corn_Common_Rust (140).JPG,Common_Rust
Corn_Common_Rust (141).JPG,Common_Rust
Corn_Common_Rust (142).JPG,Common_Rust
Corn_Common_Rust (148).JPG,Common_Rust
Corn_Common_Rust (15).jpg,Common_Rust
Corn_Common_Rust (150).JPG,Common_Rust
Corn_Common_Rust (151).JPG,Common_Rust
Corn_Common_Rust (152).JPG,Common_Rust
Corn_Common_Rust (153).JPG,Common_Rust
Corn_Common_Rust (155).JPG,Common_Rust
Corn_Common_Rust (156).JPG,Common_Rust
Corn_Common_Rust (157).JPG,Common_Rust
Corn_Common_Rust (158).JPG,Common_Rust
Corn_Common_Rust (159).JPG,Common_Rust
Corn_Common_Rust (16).jpg,Common_Rust
Corn_Common_Rust (160).JPG,Common_Rust
Corn_Common_Rust (162).JPG,Common_Rust
Corn_Common_Rust (164).JPG,Common_Rust
Corn_Common_Rust (165).JPG,Common_Rust
Corn_Common_Rust (167).JPG,Common_Rust
Corn_Common_Rust (168).JPG,Common_Rust
Corn_Common_Rust (169).JPG,Common_Rust
Corn_Common_Rust (170).JPG,Common_Rust
Corn_Common_Rust (171).JPG,Common_Rust
Corn_Common_Rust (174).JPG,Common_Rust
Corn_Common_Rust (175).JPG,Common_Rust
Corn_Common_Rust (176).JPG,Common_Rust
Corn_Common_Rust (177).JPG,Common_Rust
Corn_Common_Rust (178).JPG,Common_Rust
Corn_Common_Rust (179).JPG,Common_Rust
Corn_Common_Rust (18).jpg,Common_Rust
Corn_Common_Rust (180).JPG,Common_Rust
Corn_Common_Rust (181).JPG,Common_Rust
Corn_Common_Rust (182).JPG,Common_Rust
Corn_Common_Rust (183).JPG,Common_Rust
Corn_Common_Rust (184).JPG,Common_Rust
Corn_Common_Rust (185).JPG,Common_Rust
Corn_Common_Rust (186).JPG,Common_Rust
Corn_Common_Rust (187).JPG,Common_Rust
Corn_Common_Rust (188).JPG,Common_Rust
Corn_Common_Rust (189).JPG,Common_Rust
Corn_Common_Rust (190).JPG,Common_Rust
Corn_Common_Rust (191).JPG,Common_Rust
Corn_Common_Rust (194).JPG,Common_Rust
Corn_Common_Rust (195).JPG,Common_Rust
Corn_Common_Rust (196).JPG,Common_Rust
Corn_Common_Rust (197).JPG,Common_Rust
Corn_Common_Rust (198).JPG,Common_Rust
Corn_Common_Rust (199).JPG,Common_Rust
Corn_Common_Rust (2).jpg,Common_Rust
Corn_Common_Rust (20).jpg,Common_Rust
Corn_Common_Rust (201).JPG,Common_Rust
Corn_Common_Rust (202).JPG,Common_Rust
Corn_Common_Rust (203).JPG,Common_Rust
Corn_Common_Rust (205).JPG,Common_Rust
Corn_Common_Rust (206).JPG,Common_Rust
Corn_Common_Rust (207).JPG,Common_Rust
Corn_Common_Rust (208).JPG,Common_Rust
Corn_Common_Rust (21).jpg,Common_Rust
Corn_Common_Rust (210).JPG,Common_Rust
Corn_Common_Rust (211).JPG,Common_Rust
Corn_Common_Rust (214).JPG,Common_Rust
Corn_Common_Rust (215).JPG,Common_Rust
Corn_Common_Rust (216).JPG,Common_Rust
Corn_Common_Rust (217).JPG,Common_Rust
Corn_Common_Rust (22).jpg,Common_Rust
Corn_Common_Rust (221).JPG,Common_Rust
Corn_Common_Rust (223).JPG,Common_Rust
Corn_Common_Rust (224).JPG,Common_Rust
Corn_Common_Rust (225).JPG,Common_Rust
Corn_Common_Rust (227).JPG,Common_Rust
Corn_Common_Rust (228).JPG,Common_Rust
Corn_Common_Rust (229).JPG,Common_Rust
Corn_Common_Rust (23).jpg,Common_Rust
Corn_Common_Rust (231).JPG,Common_Rust
Corn_Common_Rust (232).JPG,Common_Rust
Corn_Common_Rust (233).JPG,Common_Rust
Corn_Common_Rust (234).JPG,Common_Rust
Corn_Common_Rust (235).JPG,Common_Rust
Corn_Common_Rust (236).JPG,Common_Rust
Corn_Common_Rust (237).JPG,Common_Rust
Corn_Common_Rust (238).JPG,Common_Rust
Corn_Common_Rust (24).jpg,Common_Rust
Corn_Common_Rust (242).JPG,Common_Rust
Corn_Common_Rust (244).JPG,Common_Rust
Corn_Common_Rust (245).JPG,Common_Rust
Corn_Common_Rust (246).JPG,Common_Rust
Corn_Common_Rust (248).JPG,Common_Rust
Corn_Common_Rust (249).JPG,Common_Rust
Corn_Common_Rust (25).jpg,Common_Rust
Corn_Common_Rust (251).JPG,Common_Rust
Corn_Common_Rust (254).JPG,Common_Rust
Corn_Common_Rust (256).JPG,Common_Rust
Corn_Common_Rust (257).JPG,Common_Rust
Corn_Common_Rust (259).JPG,Common_Rust
Corn_Common_Rust (260).JPG,Common_Rust
Corn_Common_Rust (262).JPG,Common_Rust
Corn_Common_Rust (263).JPG,Common_Rust
Corn_Common_Rust (264).JPG,Common_Rust
Corn_Common_Rust (265).JPG,Common_Rust
Corn_Common_Rust (266).JPG,Common_Rust
Corn_Common_Rust (268).JPG,Common_Rust
Corn_Common_Rust (269).JPG,Common_Rust
Corn_Common_Rust (27).jpg,Common_Rust
Corn_Common_Rust (270).JPG,Common_Rust
Corn_Common_Rust (272).JPG,Common_Rust
Corn_Common_Rust (274).JPG,Common_Rust
Corn_Common_Rust (275).JPG,Common_Rust
Corn_Common_Rust (276).JPG,Common_Rust
Corn_Common_Rust (277).JPG,Common_Rust
Corn_Common_Rust (278).JPG,Common_Rust
Corn_Common_Rust (279).JPG,Common_Rust
Corn_Common_Rust (28).jpg,Common_Rust
Corn_Common_Rust (280).JPG,Common_Rust
Corn_Common_Rust (281).JPG,Common_Rust
Corn_Common_Rust (282).JPG,Common_Rust
Corn_Common_Rust (283).JPG,Common_Rust
Corn_Common_Rust (286).JPG,Common_Rust
Corn_Common_Rust (287).JPG,Common_Rust
Corn_Common_Rust (288).JPG,Common_Rust
Corn_Common_Rust (289).JPG,Common_Rust
Corn_Common_Rust (29).jpg,Common_Rust
Corn_Common_Rust (292).JPG,Common_Rust
Corn_Common_Rust (294).JPG,Common_Rust
Corn_Common_Rust (295).JPG,Common_Rust
Corn_Common_Rust (296).JPG,Common_Rust
Corn_Common_Rust (298).JPG,Common_Rust
Corn_Common_Rust (299).JPG,Common_Rust
Corn_Common_Rust (3).jpg,Common_Rust
Corn_Common_Rust (30).jpg,Common_Rust
Corn_Common_Rust (300).JPG,Common_Rust
Corn_Common_Rust (301).JPG,Common_Rust
Corn_Common_Rust (302).JPG,Common_Rust
Corn_Common_Rust (303).JPG,Common_Rust
Corn_Common_Rust (304).JPG,Common_Rust
Corn_Common_Rust (306).JPG,Common_Rust
Corn_Common_Rust (307).JPG,Common_Rust
Corn_Common_Rust (308).JPG,Common_Rust
Corn_Common_Rust (309).JPG,Common_Rust
Corn_Common_Rust (312).JPG,Common_Rust
Corn_Common_Rust (313).JPG,Common_Rust
Corn_Common_Rust (314).JPG,Common_Rust
Corn_Common_Rust (315).JPG,Common_Rust
Corn_Common_Rust (316).JPG,Common_Rust
Corn_Common_Rust (317).JPG,Common_Rust
Corn_Common_Rust (318).JPG,Common_Rust
Corn_Common_Rust (319).JPG,Common_Rust
Corn_Common_Rust (32).jpg,Common_Rust
Corn_Common_Rust (320).JPG,Common_Rust
Corn_Common_Rust (321).JPG,Common_Rust
Corn_Common_Rust (322).JPG,Common_Rust
Corn_Common_Rust (323).JPG,Common_Rust
Corn_Common_Rust (324).JPG,Common_Rust
Corn_Common_Rust (326).JPG,Common_Rust
Corn_Common_Rust (327).JPG,Common_Rust
Corn_Common_Rust (328).JPG,Common_Rust
Corn_Common_Rust (330).JPG,Common_Rust
Corn_Common_Rust (332).JPG,Common_Rust
Corn_Common_Rust (334).JPG,Common_Rust
Corn_Common_Rust (337).JPG,Common_Rust
Corn_Common_Rust (339).JPG,Common_Rust
Corn_Common_Rust (341).JPG,Common_Rust
Corn_Common_Rust (342).JPG,Common_Rust
Corn_Common_Rust (343).JPG,Common_Rust
Corn_Common_Rust (345).JPG,Common_Rust
Corn_Common_Rust (347).JPG,Common_Rust
Corn_Common_Rust (348).JPG,Common_Rust
Corn_Common_Rust (349).JPG,Common_Rust
Corn_Common_Rust (35).jpg,Common_Rust
Corn_Common_Rust (354).JPG,Common_Rust
Corn_Common_Rust (356).JPG,Common_Rust
Corn_Common_Rust (357).JPG,Common_Rust
Corn_Common_Rust (358).JPG,Common_Rust
Corn_Common_Rust (359).JPG,Common_Rust
Corn_Common_Rust (36).jpg,Common_Rust
Corn_Common_Rust (360).JPG,Common_Rust
Corn_Common_Rust (361).JPG,Common_Rust
Corn_Common_Rust (362).JPG,Common_Rust
Corn_Common_Rust (364).JPG,Common_Rust
Corn_Common_Rust (365).JPG,Common_Rust
Corn_Common_Rust (369).JPG,Common_Rust
Corn_Common_Rust (37).jpg,Common_Rust
Corn_Common_Rust (370).JPG,Common_Rust
Corn_Common_Rust (371).JPG,Common_Rust
Corn_Common_Rust (372).JPG,Common_Rust
Corn_Common_Rust (373).JPG,Common_Rust
Corn_Common_Rust (377).JPG,Common_Rust
Corn_Common_Rust (378).JPG,Common_Rust
Corn_Common_Rust (380).JPG,Common_Rust
Corn_Common_Rust (381).JPG,Common_Rust
Corn_Common_Rust (382).JPG,Common_Rust
Corn_Common_Rust (383).JPG,Common_Rust
Corn_Common_Rust (385).JPG,Common_Rust
Corn_Common_Rust (386).JPG,Common_Rust
Corn_Common_Rust (387).JPG,Common_Rust
Corn_Common_Rust (388).JPG,Common_Rust
Corn_Common_Rust (39).jpg,Common_Rust
Corn_Common_Rust (390).JPG,Common_Rust
Corn_Common_Rust (391).JPG,Common_Rust
Corn_Common_Rust (393).JPG,Common_Rust
Corn_Common_Rust (394).JPG,Common_Rust
Corn_Common_Rust (395).JPG,Common_Rust
Corn_Common_Rust (397).JPG,Common_Rust
Corn_Common_Rust (398).JPG,Common_Rust
Corn_Common_Rust (399).JPG,Common_Rust
Corn_Common_Rust (40).jpg,Common_Rust
Corn_Common_Rust (400).JPG,Common_Rust
Corn_Common_Rust (401).JPG,Common_Rust
Corn_Common_Rust (402).JPG,Common_Rust
Corn_Common_Rust (403).JPG,Common_Rust
Corn_Common_Rust (404).JPG,Common_Rust
Corn_Common_Rust (405).JPG,Common_Rust
Corn_Common_Rust (407).JPG,Common_Rust
Corn_Common_Rust (408).JPG,Common_Rust
Corn_Common_Rust (409).JPG,Common_Rust
Corn_Common_Rust (41).jpg,Common_Rust
Corn_Common_Rust (410).JPG,Common_Rust
Corn_Common_Rust (411).JPG,Common_Rust
Corn_Common_Rust (412).JPG,Common_Rust
Corn_Common_Rust (413).JPG,Common_Rust
Corn_Common_Rust (414).JPG,Common_Rust
Corn_Common_Rust (417).JPG,Common_Rust
Corn_Common_Rust (418).JPG,Common_Rust
Corn_Common_Rust (419).JPG,Common_Rust
Corn_Common_Rust (422).JPG,Common_Rust
Corn_Common_Rust (423).JPG,Common_Rust
Corn_Common_Rust (424).JPG,Common_Rust
Corn_Common_Rust (426).JPG,Common_Rust
Corn_Common_Rust (43).jpg,Common_Rust
Corn_Common_Rust (430).JPG,Common_Rust
Corn_Common_Rust (431).JPG,Common_Rust
Corn_Common_Rust (432).JPG,Common_Rust
Corn_Common_Rust (433).JPG,Common_Rust
Corn_Common_Rust (434).JPG,Common_Rust
Corn_Common_Rust (435).JPG,Common_Rust
Corn_Common_Rust (437).JPG,Common_Rust
Corn_Common_Rust (439).JPG,Common_Rust
Corn_Common_Rust (44).jpg,Common_Rust
Corn_Common_Rust (441).JPG,Common_Rust
Corn_Common_Rust (442).JPG,Common_Rust
Corn_Common_Rust (443).JPG,Common_Rust
Corn_Common_Rust (444).JPG,Common_Rust
Corn_Common_Rust (446).JPG,Common_Rust
Corn_Common_Rust (449).JPG,Common_Rust
Corn_Common_Rust (45).jpg,Common_Rust
Corn_Common_Rust (450).JPG,Common_Rust
Corn_Common_Rust (451).JPG,Common_Rust
Corn_Common_Rust (452).JPG,Common_Rust
Corn_Common_Rust (453).JPG,Common_Rust
Corn_Common_Rust (454).JPG,Common_Rust
Corn_Common_Rust (455).JPG,Common_Rust
Corn_Common_Rust (456).JPG,Common_Rust
Corn_Common_Rust (457).JPG,Common_Rust
Corn_Common_Rust (458).JPG,Common_Rust
Corn_Common_Rust (459).JPG,Common_Rust
Corn_Common_Rust (460).JPG,Common_Rust
Corn_Common_Rust (461).JPG,Common_Rust
Corn_Common_Rust (463).JPG,Common_Rust
Corn_Common_Rust (464).JPG,Common_Rust
Corn_Common_Rust (465).JPG,Common_Rust
Corn_Common_Rust (466).JPG,Common_Rust
Corn_Common_Rust (467).JPG,Common_Rust
Corn_Common_Rust (468).JPG,Common_Rust
Corn_Common_Rust (469).JPG,Common_Rust
Corn_Common_Rust (47).jpg,Common_Rust
Corn_Common_Rust (471).JPG,Common_Rust
Corn_Common_Rust (473).JPG,Common_Rust
Corn_Common_Rust (474).JPG,Common_Rust
Corn_Common_Rust (475).JPG,Common_Rust
Corn_Common_Rust (476).JPG,Common_Rust
Corn_Common_Rust (477).JPG,Common_Rust
Corn_Common_Rust (478).JPG,Common_Rust
Corn_Common_Rust (479).JPG,Common_Rust
Corn_Common_Rust (48).jpg,Common_Rust
Corn_Common_Rust (480).JPG,Common_Rust
Corn_Common_Rust (481).JPG,Common_Rust
Corn_Common_Rust (482).JPG,Common_Rust
Corn_Common_Rust (486).JPG,Common_Rust
Corn_Common_Rust (487).JPG,Common_Rust
Corn_Common_Rust (489).JPG,Common_Rust
Corn_Common_Rust (49).jpg,Common_Rust
Corn_Common_Rust (492).JPG,Common_Rust
Corn_Common_Rust (493).JPG,Common_Rust
Corn_Common_Rust (494).JPG,Common_Rust
Corn_Common_Rust (495).JPG,Common_Rust
Corn_Common_Rust (497).JPG,Common_Rust
Corn_Common_Rust (499).JPG,Common_Rust
Corn_Common_Rust (5).jpg,Common_Rust
Corn_Common_Rust (500).JPG,Common_Rust
Corn_Common_Rust (502).JPG,Common_Rust
Corn_Common_Rust (504).JPG,Common_Rust
Corn_Common_Rust (508).JPG,Common_Rust
Corn_Common_Rust (51).jpg,Common_Rust
Corn_Common_Rust (511).JPG,Common_Rust
Corn_Common_Rust (515).JPG,Common_Rust
Corn_Common_Rust (516).JPG,Common_Rust
Corn_Common_Rust (517).JPG,Common_Rust
Corn_Common_Rust (518).JPG,Common_Rust
Corn_Common_Rust (519).JPG,Common_Rust
Corn_Common_Rust (52).jpg,Common_Rust
Corn_Common_Rust (520).JPG,Common_Rust
Corn_Common_Rust (521).JPG,Common_Rust
Corn_Common_Rust (522).JPG,Common_Rust
Corn_Common_Rust (524).JPG,Common_Rust
Corn_Common_Rust (527).JPG,Common_Rust
Corn_Common_Rust (529).JPG,Common_Rust
Corn_Common_Rust (530).JPG,Common_Rust
Corn_Common_Rust (532).JPG,Common_Rust
Corn_Common_Rust (533).JPG,Common_Rust
Corn_Common_Rust (534).JPG,Common_Rust
Corn_Common_Rust (535).JPG,Common_Rust
Corn_Common_Rust (536).JPG,Common_Rust
Corn_Common_Rust (537).JPG,Common_Rust
Corn_Common_Rust (538).JPG,Common_Rust
Corn_Common_Rust (54).jpg,Common_Rust
Corn_Common_Rust (540).JPG,Common_Rust
Corn_Common_Rust (541).JPG,Common_Rust
Corn_Common_Rust (542).JPG,Common_Rust
Corn_Common_Rust (543).JPG,Common_Rust
Corn_Common_Rust (544).JPG,Common_Rust
Corn_Common_Rust (545).JPG,Common_Rust
Corn_Common_Rust (546).JPG,Common_Rust
Corn_Common_Rust (547).JPG,Common_Rust
Corn_Common_Rust (548).JPG,Common_Rust
Corn_Common_Rust (549).JPG,Common_Rust
Corn_Common_Rust (55).jpg,Common_Rust
Corn_Common_Rust (551).JPG,Common_Rust
Corn_Common_Rust (553).JPG,Common_Rust
Corn_Common_Rust (554).JPG,Common_Rust
Corn_Common_Rust (559).JPG,Common_Rust
Corn_Common_Rust (56).jpg,Common_Rust
Corn_Common_Rust (560).JPG,Common_Rust
Corn_Common_Rust (561).JPG,Common_Rust
Corn_Common_Rust (562).JPG,Common_Rust
Corn_Common_Rust (564).JPG,Common_Rust
Corn_Common_Rust (565).JPG,Common_Rust
Corn_Common_Rust (566).JPG,Common_Rust
Corn_Common_Rust (568).JPG,Common_Rust
Corn_Common_Rust (569).JPG,Common_Rust
Corn_Common_Rust (57).jpg,Common_Rust
Corn_Common_Rust (570).JPG,Common_Rust
Corn_Common_Rust (572).JPG,Common_Rust
Corn_Common_Rust (573).JPG,Common_Rust
Corn_Common_Rust (574).JPG,Common_Rust
Corn_Common_Rust (577).JPG,Common_Rust
Corn_Common_Rust (58).jpg,Common_Rust
Corn_Common_Rust (580).JPG,Common_Rust
Corn_Common_Rust (581).JPG,Common_Rust
Corn_Common_Rust (583).JPG,Common_Rust
Corn_Common_Rust (584).JPG,Common_Rust
Corn_Common_Rust (585).JPG,Common_Rust
Corn_Common_Rust (587).JPG,Common_Rust
Corn_Common_Rust (590).JPG,Common_Rust
Corn_Common_Rust (591).JPG,Common_Rust
Corn_Common_Rust (592).JPG,Common_Rust
Corn_Common_Rust (593).JPG,Common_Rust
Corn_Common_Rust (594).JPG,Common_Rust
Corn_Common_Rust (595).JPG,Common_Rust
Corn_Common_Rust (597).JPG,Common_Rust
Corn_Common_Rust (598).JPG,Common_Rust
Corn_Common_Rust (599).JPG,Common_Rust
Corn_Common_Rust (60).jpg,Common_Rust
Corn_Common_Rust (600).JPG,Common_Rust
Corn_Common_Rust (602).JPG,Common_Rust
Corn_Common_Rust (605).JPG,Common_Rust
Corn_Common_Rust (606).JPG,Common_Rust
Corn_Common_Rust (607).JPG,Common_Rust
Corn_Common_Rust (608).JPG,Common_Rust
Corn_Common_Rust (610).JPG,Common_Rust
Corn_Common_Rust (611).JPG,Common_Rust
Corn_Common_Rust (612).JPG,Common_Rust
Corn_Common_Rust (613).JPG,Common_Rust
Corn_Common_Rust (614).JPG,Common_Rust
Corn_Common_Rust (618).JPG,Common_Rust
Corn_Common_Rust (619).JPG,Common_Rust
Corn_Common_Rust (62).jpg,Common_Rust
Corn_Common_Rust (620).JPG,Common_Rust
Corn_Common_Rust (621).JPG,Common_Rust
Corn_Common_Rust (623).JPG,Common_Rust
Corn_Common_Rust (625).JPG,Common_Rust
Corn_Common_Rust (626).JPG,Common_Rust
Corn_Common_Rust (627).JPG,Common_Rust
Corn_Common_Rust (629).JPG,Common_Rust
Corn_Common_Rust (63).jpg,Common_Rust
Corn_Common_Rust (630).JPG,Common_Rust
Corn_Common_Rust (631).JPG,Common_Rust
Corn_Common_Rust (632).JPG,Common_Rust
Corn_Common_Rust (633).JPG,Common_Rust
Corn_Common_Rust (634).JPG,Common_Rust
Corn_Common_Rust (636).JPG,Common_Rust
Corn_Common_Rust (638).JPG,Common_Rust
Corn_Common_Rust (639).JPG,Common_Rust
Corn_Common_Rust (64).jpg,Common_Rust
Corn_Common_Rust (641).JPG,Common_Rust
Corn_Common_Rust (643).JPG,Common_Rust
Corn_Common_Rust (644).JPG,Common_Rust
Corn_Common_Rust (645).JPG,Common_Rust
Corn_Common_Rust (646).JPG,Common_Rust
Corn_Common_Rust (647).JPG,Common_Rust
Corn_Common_Rust (648).JPG,Common_Rust
Corn_Common_Rust (649).JPG,Common_Rust
Corn_Common_Rust (650).JPG,Common_Rust
Corn_Common_Rust (651).JPG,Common_Rust
Corn_Common_Rust (652).JPG,Common_Rust
Corn_Common_Rust (653).JPG,Common_Rust
Corn_Common_Rust (654).JPG,Common_Rust
Corn_Common_Rust (657).JPG,Common_Rust
Corn_Common_Rust (658).JPG,Common_Rust
Corn_Common_Rust (660).JPG,Common_Rust
Corn_Common_Rust (662).JPG,Common_Rust
Corn_Common_Rust (663).JPG,Common_Rust
Corn_Common_Rust (664).JPG,Common_Rust
Corn_Common_Rust (666).JPG,Common_Rust
Corn_Common_Rust (669).JPG,Common_Rust
Corn_Common_Rust (67).jpg,Common_Rust
Corn_Common_Rust (671).JPG,Common_Rust
Corn_Common_Rust (674).JPG,Common_Rust
Corn_Common_Rust (675).JPG,Common_Rust
Corn_Common_Rust (676).JPG,Common_Rust
Corn_Common_Rust (677).JPG,Common_Rust
Corn_Common_Rust (678).JPG,Common_Rust
Corn_Common_Rust (682).JPG,Common_Rust
Corn_Common_Rust (683).JPG,Common_Rust
Corn_Common_Rust (684).JPG,Common_Rust
Corn_Common_Rust (685).JPG,Common_Rust
Corn_Common_Rust (686).JPG,Common_Rust
Corn_Common_Rust (688).JPG,Common_Rust
Corn_Common_Rust (69).jpg,Common_Rust
Corn_Common_Rust (691).JPG,Common_Rust
Corn_Common_Rust (693).JPG,Common_Rust
Corn_Common_Rust (694).JPG,Common_Rust
Corn_Common_Rust (695).JPG,Common_Rust
Corn_Common_Rust (696).JPG,Common_Rust
Corn_Common_Rust (697).JPG,Common_Rust
Corn_Common_Rust (699).JPG,Common_Rust
Corn_Common_Rust (7).jpg,Common_Rust
Corn_Common_Rust (70).jpg,Common_Rust
Corn_Common_Rust (701).JPG,Common_Rust
Corn_Common_Rust (702).JPG,Common_Rust
Corn_Common_Rust (703).JPG,Common_Rust
Corn_Common_Rust (706).JPG,Common_Rust
Corn_Common_Rust (707).JPG,Common_Rust
Corn_Common_Rust (708).JPG,Common_Rust
Corn_Common_Rust (709).JPG,Common_Rust
Corn_Common_Rust (71).jpg,Common_Rust
Corn_Common_Rust (711).JPG,Common_Rust
Corn_Common_Rust (714).JPG,Common_Rust
Corn_Common_Rust (716).JPG,Common_Rust
Corn_Common_Rust (718).JPG,Common_Rust
Corn_Common_Rust (719).JPG,Common_Rust
Corn_Common_Rust (72).JPG,Common_Rust
Corn_Common_Rust (720).JPG,Common_Rust
Corn_Common_Rust (721).JPG,Common_Rust
Corn_Common_Rust (723).JPG,Common_Rust
Corn_Common_Rust (724).JPG,Common_Rust
Corn_Common_Rust (726).JPG,Common_Rust
Corn_Common_Rust (728).JPG,Common_Rust
Corn_Common_Rust (729).JPG,Common_Rust
Corn_Common_Rust (731).JPG,Common_Rust
Corn_Common_Rust (732).JPG,Common_Rust
Corn_Common_Rust (734).JPG,Common_Rust
Corn_Common_Rust (735).JPG,Common_Rust
Corn_Common_Rust (736).JPG,Common_Rust
Corn_Common_Rust (737).JPG,Common_Rust
Corn_Common_Rust (738).JPG,Common_Rust
Corn_Common_Rust (74).JPG,Common_Rust
Corn_Common_Rust (741).JPG,Common_Rust
Corn_Common_Rust (742).JPG,Common_Rust
Corn_Common_Rust (744).JPG,Common_Rust
Corn_Common_Rust (746).JPG,Common_Rust
Corn_Common_Rust (747).JPG,Common_Rust
Corn_Common_Rust (749).JPG,Common_Rust
Corn_Common_Rust (75).JPG,Common_Rust
Corn_Common_Rust (753).JPG,Common_Rust
Corn_Common_Rust (754).JPG,Common_Rust
Corn_Common_Rust (756).JPG,Common_Rust
Corn_Common_Rust (757).JPG,Common_Rust
Corn_Common_Rust (758).JPG,Common_Rust
Corn_Common_Rust (759).JPG,Common_Rust
Corn_Common_Rust (76).JPG,Common_Rust
Corn_Common_Rust (760).JPG,Common_Rust
Corn_Common_Rust (761).JPG,Common_Rust
Corn_Common_Rust (762).JPG,Common_Rust
Corn_Common_Rust (763).JPG,Common_Rust
Corn_Common_Rust (764).JPG,Common_Rust
Corn_Common_Rust (765).JPG,Common_Rust
Corn_Common_Rust (767).JPG,Common_Rust
Corn_Common_Rust (768).JPG,Common_Rust
Corn_Common_Rust (769).JPG,Common_Rust
Corn_Common_Rust (770).JPG,Common_Rust
Corn_Common_Rust (771).JPG,Common_Rust
Corn_Common_Rust (772).JPG,Common_Rust
Corn_Common_Rust (773).JPG,Common_Rust
Corn_Common_Rust (774).JPG,Common_Rust
Corn_Common_Rust (775).JPG,Common_Rust
Corn_Common_Rust (776).JPG,Common_Rust
Corn_Common_Rust (777).JPG,Common_Rust
Corn_Common_Rust (778).JPG,Common_Rust
Corn_Common_Rust (779).JPG,Common_Rust
Corn_Common_Rust (78).JPG,Common_Rust
Corn_Common_Rust (780).JPG,Common_Rust
Corn_Common_Rust (781).JPG,Common_Rust
Corn_Common_Rust (782).JPG,Common_Rust
Corn_Common_Rust (783).JPG,Common_Rust
Corn_Common_Rust (784).JPG,Common_Rust
Corn_Common_Rust (785).JPG,Common_Rust
Corn_Common_Rust (786).JPG,Common_Rust
Corn_Common_Rust (787).JPG,Common_Rust
Corn_Common_Rust (788).JPG,Common_Rust
Corn_Common_Rust (789).JPG,Common_Rust
Corn_Common_Rust (79).JPG,Common_Rust
Corn_Common_Rust (791).JPG,Common_Rust
Corn_Common_Rust (792).JPG,Common_Rust
Corn_Common_Rust (794).JPG,Common_Rust
Corn_Common_Rust (795).JPG,Common_Rust
Corn_Common_Rust (796).JPG,Common_Rust
Corn_Common_Rust (798).JPG,Common_Rust
Corn_Common_Rust (799).JPG,Common_Rust
Corn_Common_Rust (8).jpg,Common_Rust
Corn_Common_Rust (80).JPG,Common_Rust
Corn_Common_Rust (800).JPG,Common_Rust
Corn_Common_Rust (802).JPG,Common_Rust
Corn_Common_Rust (804).JPG,Common_Rust
Corn_Common_Rust (805).JPG,Common_Rust
Corn_Common_Rust (807).JPG,Common_Rust
Corn_Common_Rust (808).JPG,Common_Rust
Corn_Common_Rust (809).JPG,Common_Rust
Corn_Common_Rust (81).JPG,Common_Rust
Corn_Common_Rust (810).JPG,Common_Rust
Corn_Common_Rust (812).JPG,Common_Rust
Corn_Common_Rust (814).JPG,Common_Rust
Corn_Common_Rust (815).JPG,Common_Rust
Corn_Common_Rust (818).JPG,Common_Rust
Corn_Common_Rust (82).JPG,Common_Rust
Corn_Common_Rust (821).JPG,Common_Rust
Corn_Common_Rust (822).JPG,Common_Rust
Corn_Common_Rust (823).JPG,Common_Rust
Corn_Common_Rust (824).JPG,Common_Rust
Corn_Common_Rust (825).JPG,Common_Rust
Corn_Common_Rust (826).JPG,Common_Rust
Corn_Common_Rust (829).JPG,Common_Rust
Corn_Common_Rust (83).JPG,Common_Rust
Corn_Common_Rust (832).JPG,Common_Rust
Corn_Common_Rust (833).JPG,Common_Rust
Corn_Common_Rust (834).JPG,Common_Rust
Corn_Common_Rust (836).JPG,Common_Rust
Corn_Common_Rust (838).JPG,Common_Rust
Corn_Common_Rust (839).JPG,Common_Rust
Corn_Common_Rust (84).JPG,Common_Rust
Corn_Common_Rust (840).JPG,Common_Rust
Corn_Common_Rust (841).JPG,Common_Rust
Corn_Common_Rust (844).JPG,Common_Rust
Corn_Common_Rust (845).JPG,Common_Rust
Corn_Common_Rust (846).JPG,Common_Rust
Corn_Common_Rust (849).JPG,Common_Rust
Corn_Common_Rust (851).JPG,Common_Rust
Corn_Common_Rust (852).JPG,Common_Rust
Corn_Common_Rust (853).JPG,Common_Rust
Corn_Common_Rust (855).JPG,Common_Rust
Corn_Common_Rust (856).JPG,Common_Rust
Corn_Common_Rust (857).JPG,Common_Rust
Corn_Common_Rust (859).JPG,Common_Rust
Corn_Common_Rust (86).JPG,Common_Rust
Corn_Common_Rust (860).JPG,Common_Rust
Corn_Common_Rust (861).JPG,Common_Rust
Corn_Common_Rust (863).JPG,Common_Rust
Corn_Common_Rust (864).JPG,Common_Rust
Corn_Common_Rust (865).JPG,Common_Rust
Corn_Common_Rust (866).JPG,Common_Rust
Corn_Common_Rust (869).JPG,Common_Rust
Corn_Common_Rust (870).JPG,Common_Rust
Corn_Common_Rust (871).JPG,Common_Rust
Corn_Common_Rust (873).JPG,Common_Rust
Corn_Common_Rust (875).JPG,Common_Rust
Corn_Common_Rust (876).JPG,Common_Rust
Corn_Common_Rust (877).JPG,Common_Rust
Corn_Common_Rust (879).JPG,Common_Rust
Corn_Common_Rust (88).JPG,Common_Rust
Corn_Common_Rust (880).JPG,Common_Rust
Corn_Common_Rust (881).JPG,Common_Rust
Corn_Common_Rust (882).JPG,Common_Rust
Corn_Common_Rust (884).JPG,Common_Rust
Corn_Common_Rust (885).JPG,Common_Rust
Corn_Common_Rust (886).JPG,Common_Rust
Corn_Common_Rust (887).JPG,Common_Rust
Corn_Common_Rust (888).JPG,Common_Rust
Corn_Common_Rust (889).JPG,Common_Rust
Corn_Common_Rust (89).JPG,Common_Rust
Corn_Common_Rust (890).JPG,Common_Rust
Corn_Common_Rust (892).JPG,Common_Rust
Corn_Common_Rust (894).JPG,Common_Rust
Corn_Common_Rust (895).JPG,Common_Rust
Corn_Common_Rust (896).JPG,Common_Rust
Corn_Common_Rust (898).JPG,Common_Rust
Corn_Common_Rust (901).JPG,Common_Rust
Corn_Common_Rust (902).JPG,Common_Rust
Corn_Common_Rust (903).JPG,Common_Rust
Corn_Common_Rust (904).JPG,Common_Rust
Corn_Common_Rust (905).JPG,Common_Rust
Corn_Common_Rust (907).JPG,Common_Rust
Corn_Common_Rust (908).JPG,Common_Rust
Corn_Common_Rust (91).JPG,Common_Rust
Corn_Common_Rust (910).JPG,Common_Rust
Corn_Common_Rust (911).JPG,Common_Rust
Corn_Common_Rust (912).JPG,Common_Rust
Corn_Common_Rust (913).JPG,Common_Rust
Corn_Common_Rust (914).JPG,Common_Rust
Corn_Common_Rust (915).JPG,Common_Rust
Corn_Common_Rust (916).JPG,Common_Rust
Corn_Common_Rust (917).JPG,Common_Rust
Corn_Common_Rust (918).JPG,Common_Rust
Corn_Common_Rust (919).JPG,Common_Rust
Corn_Common_Rust (92).JPG,Common_Rust
Corn_Common_Rust (921).JPG,Common_Rust
Corn_Common_Rust (922).JPG,Common_Rust
Corn_Common_Rust (923).JPG,Common_Rust
Corn_Common_Rust (925).JPG,Common_Rust
Corn_Common_Rust (926).JPG,Common_Rust
Corn_Common_Rust (927).JPG,Common_Rust
Corn_Common_Rust (928).JPG,Common_Rust
Corn_Common_Rust (929).JPG,Common_Rust
Corn_Common_Rust (93).JPG,Common_Rust
Corn_Common_Rust (931).JPG,Common_Rust
Corn_Common_Rust (932).JPG,Common_Rust
Corn_Common_Rust (933).JPG,Common_Rust
Corn_Common_Rust (934).JPG,Common_Rust
Corn_Common_Rust (935).JPG,Common_Rust
Corn_Common_Rust (936).JPG,Common_Rust
Corn_Common_Rust (937).JPG,Common_Rust
Corn_Common_Rust (938).JPG,Common_Rust
Corn_Common_Rust (939).JPG,Common_Rust
Corn_Common_Rust (94).JPG,Common_Rust
Corn_Common_Rust (940).JPG,Common_Rust
Corn_Common_Rust (941).JPG,Common_Rust
Corn_Common_Rust (942).JPG,Common_Rust
Corn_Common_Rust (944).JPG,Common_Rust
Corn_Common_Rust (945).JPG,Common_Rust
Corn_Common_Rust (946).JPG,Common_Rust
Corn_Common_Rust (948).JPG,Common_Rust
Corn_Common_Rust (949).JPG,Common_Rust
Corn_Common_Rust (95).JPG,Common_Rust
Corn_Common_Rust (951).JPG,Common_Rust
Corn_Common_Rust (952).JPG,Common_Rust
Corn_Common_Rust (955).JPG,Common_Rust
Corn_Common_Rust (956).JPG,Common_Rust
Corn_Common_Rust (958).JPG,Common_Rust
Corn_Common_Rust (96).JPG,Common_Rust
Corn_Common_Rust (960).JPG,Common_Rust
Corn_Common_Rust (962).JPG,Common_Rust
Corn_Common_Rust (965).JPG,Common_Rust
Corn_Common_Rust (966).JPG,Common_Rust
Corn_Common_Rust (967).JPG,Common_Rust
Corn_Common_Rust (968).JPG,Common_Rust
Corn_Common_Rust (969).JPG,Common_Rust
Corn_Common_Rust (97).JPG,Common_Rust
Corn_Common_Rust (971).JPG,Common_Rust
Corn_Common_Rust (975).JPG,Common_Rust
Corn_Common_Rust (976).JPG,Common_Rust
Corn_Common_Rust (98).JPG,Common_Rust
Corn_Common_Rust (980).JPG,Common_Rust
Corn_Common_Rust (981).JPG,Common_Rust
Corn_Common_Rust (982).JPG,Common_Rust
Corn_Common_Rust (984).JPG,Common_Rust
Corn_Common_Rust (985).JPG,Common_Rust
Corn_Common_Rust (987).JPG,Common_Rust
Corn_Common_Rust (988).JPG,Common_Rust
Corn_Common_Rust (989).JPG,Common_Rust
Corn_Common_Rust (990).JPG,Common_Rust
Corn_Common_Rust (991).JPG,Common_Rust
Corn_Common_Rust (992).JPG,Common_Rust
Corn_Common_Rust (994).JPG,Common_Rust
Corn_Common_Rust (995).JPG,Common_Rust
Corn_Common_Rust (999).JPG,Common_Rust
Corn_Gray_Spot (1).jpg,Gray_Leaf_Spot
Corn_Gray_Spot (10).jpg,Gray_Leaf_Spot
Corn_Gray_Spot (100).JPG,Gray_Leaf_Spot
Corn_Gray_Spot (102).JPG,Gray_Leaf_Spot
Corn_Gray_Spot (104).JPG,Gray_Leaf_Spot
Corn_Gray_Spot (105).JPG,Gray_Leaf_Spot
Corn_Gray_Spot (106).JPG,Gray_Leaf_Spot
Corn_Gray_Spot (108).JPG,Gray_Leaf_Spot
Corn_Gray_Spot (109).JPG,Gray_Leaf_Spot
Corn_Gray_Spot (11).jpg,Gray_Leaf_Spot
Corn_Gray_Spot (110).JPG,Gray_Leaf_Spot
Corn_Gray_Spot (112).JPG,Gray_Leaf_Spot
Corn_Gray_Spot (113).jpg,Gray_Leaf_Spot
Corn_Gray_Spot (114).jpg,Gray_Leaf_Spot
Corn_Gray_Spot (115).JPG,Gray_Leaf_Spot
Corn_Gray_Spot (116).JPG,Gray_Leaf_Spot
Corn_Gray_Spot (117).JPG,Gray_Leaf_Spot
Corn_Gray_Spot (118).JPG,Gray_Leaf_Spot
Corn_Gray_Spot (119).JPG,Gray_Leaf_Spot
Corn_Gray_Spot (12).jpg,Gray_Leaf_Spot
Corn_Gray_Spot (120).JPG,Gray_Leaf_Spot
Corn_Gray_Spot (121).JPG,Gray_Leaf_Spot
Corn_Gray_Spot (122).JPG,Gray_Leaf_Spot
Corn_Gray_Spot (123).JPG,Gray_Leaf_Spot
Corn_Gray_Spot (125).jpg,Gray_Leaf_Spot
Corn_Gray_Spot (126).JPG,Gray_Leaf_Spot
Corn_Gray_Spot (128).JPG,Gray_Leaf_Spot
Corn_Gray_Spot (129).JPG,Gray_Leaf_Spot
Corn_Gray_Spot (13).jpg,Gray_Leaf_Spot
Corn_Gray_Spot (130).JPG,Gray_Leaf_Spot
Corn_Gray_Spot (131).JPG,Gray_Leaf_Spot
Corn_Gray_Spot (135).JPG,Gray_Leaf_Spot
Corn_Gray_Spot (137).JPG,Gray_Leaf_Spot
Corn_Gray_Spot (138).JPG,Gray_Leaf_Spot
Corn_Gray_Spot (14).jpg,Gray_Leaf_Spot
Corn_Gray_Spot (141).JPG,Gray_Leaf_Spot
Corn_Gray_Spot (143).JPG,Gray_Leaf_Spot
Corn_Gray_Spot (144).JPG,Gray_Leaf_Spot
Corn_Gray_Spot (146).JPG,Gray_Leaf_Spot
Corn_Gray_Spot (148).JPG,Gray_Leaf_Spot
Corn_Gray_Spot (149).JPG,Gray_Leaf_Spot
Corn_Gray_Spot (15).jpg,Gray_Leaf_Spot
Corn_Gray_Spot (151).jpg,Gray_Leaf_Spot
Corn_Gray_Spot (154).JPG,Gray_Leaf_Spot
Corn_Gray_Spot (155).JPG,Gray_Leaf_Spot
Corn_Gray_Spot (156).JPG,Gray_Leaf_Spot
Corn_Gray_Spot (157).jpg,Gray_Leaf_Spot
Corn_Gray_Spot (158).JPG,Gray_Leaf_Spot
Corn_Gray_Spot (159).JPG,Gray_Leaf_Spot
Corn_Gray_Spot (161).JPG,Gray_Leaf_Spot
Corn_Gray_Spot (162).JPG,Gray_Leaf_Spot
Corn_Gray_Spot (164).JPG,Gray_Leaf_Spot
Corn_Gray_Spot (165).JPG,Gray_Leaf_Spot
Corn_Gray_Spot (166).JPG,Gray_Leaf_Spot
Corn_Gray_Spot (167).JPG,Gray_Leaf_Spot
Corn_Gray_Spot (169).JPG,Gray_Leaf_Spot
Corn_Gray_Spot (170).JPG,Gray_Leaf_Spot
Corn_Gray_Spot (171).JPG,Gray_Leaf_Spot
Corn_Gray_Spot (173).JPG,Gray_Leaf_Spot
Corn_Gray_Spot (174).jpg,Gray_Leaf_Spot
Corn_Gray_Spot (176).JPG,Gray_Leaf_Spot
Corn_Gray_Spot (177).JPG,Gray_Leaf_Spot
Corn_Gray_Spot (178).JPG,Gray_Leaf_Spot
Corn_Gray_Spot (179).JPG,Gray_Leaf_Spot
Corn_Gray_Spot (18).jpg,Gray_Leaf_Spot
Corn_Gray_Spot (180).JPG,Gray_Leaf_Spot
Corn_Gray_Spot (182).JPG,Gray_Leaf_Spot
Corn_Gray_Spot (183).JPG,Gray_Leaf_Spot
Corn_Gray_Spot (185).JPG,Gray_Leaf_Spot
Corn_Gray_Spot (186).JPG,Gray_Leaf_Spot
Corn_Gray_Spot (187).JPG,Gray_Leaf_Spot
Corn_Gray_Spot (188).JPG,Gray_Leaf_Spot
Corn_Gray_Spot (189).JPG,Gray_Leaf_Spot
Corn_Gray_Spot (19).jpg,Gray_Leaf_Spot
Corn_Gray_Spot (190).JPG,Gray_Leaf_Spot
Corn_Gray_Spot (193).JPG,Gray_Leaf_Spot
Corn_Gray_Spot (195).JPG,Gray_Leaf_Spot
Corn_Gray_Spot (196).JPG,Gray_Leaf_Spot
Corn_Gray_Spot (197).JPG,Gray_Leaf_Spot
Corn_Gray_Spot (199).JPG,Gray_Leaf_Spot
Corn_Gray_Spot (201).JPG,Gray_Leaf_Spot
Corn_Gray_Spot (203).JPG,Gray_Leaf_Spot
Corn_Gray_Spot (204).JPG,Gray_Leaf_Spot
Corn_Gray_Spot (205).JPG,Gray_Leaf_Spot
Corn_Gray_Spot (206).JPG,Gray_Leaf_Spot
Corn_Gray_Spot (208).JPG,Gray_Leaf_Spot
Corn_Gray_Spot (209).jpg,Gray_Leaf_Spot
Corn_Gray_Spot (21).jpg,Gray_Leaf_Spot
Corn_Gray_Spot (210).JPG,Gray_Leaf_Spot
Corn_Gray_Spot (211).JPG,Gray_Leaf_Spot
Corn_Gray_Spot (214).JPG,Gray_Leaf_Spot
Corn_Gray_Spot (215).jpg,Gray_Leaf_Spot
Corn_Gray_Spot (216).jpg,Gray_Leaf_Spot
Corn_Gray_Spot (217).JPG,Gray_Leaf_Spot
Corn_Gray_Spot (218).JPG,Gray_Leaf_Spot
Corn_Gray_Spot (22).jpg,Gray_Leaf_Spot
Corn_Gray_Spot (220).JPG,Gray_Leaf_Spot
Corn_Gray_Spot (223).jpg,Gray_Leaf_Spot
Corn_Gray_Spot (224).JPG,Gray_Leaf_Spot
Corn_Gray_Spot (226).JPG,Gray_Leaf_Spot
Corn_Gray_Spot (227).JPG,Gray_Leaf_Spot
Corn_Gray_Spot (228).JPG,Gray_Leaf_Spot
Corn_Gray_Spot (229).JPG,Gray_Leaf_Spot
Corn_Gray_Spot (23).jpg,Gray_Leaf_Spot
Corn_Gray_Spot (230).JPG,Gray_Leaf_Spot
Corn_Gray_Spot (231).JPG,Gray_Leaf_Spot
Corn_Gray_Spot (232).JPG,Gray_Leaf_Spot
Corn_Gray_Spot (233).JPG,Gray_Leaf_Spot
Corn_Gray_Spot (234).JPG,Gray_Leaf_Spot
Corn_Gray_Spot (236).JPG,Gray_Leaf_Spot
Corn_Gray_Spot (237).JPG,Gray_Leaf_Spot
Corn_Gray_Spot (239).JPG,Gray_Leaf_Spot
Corn_Gray_Spot (24).jpg,Gray_Leaf_Spot
Corn_Gray_Spot (241).JPG,Gray_Leaf_Spot
Corn_Gray_Spot (243).JPG,Gray_Leaf_Spot
Corn_Gray_Spot (245).JPG,Gray_Leaf_Spot
Corn_Gray_Spot (246).JPG,Gray_Leaf_Spot
Corn_Gray_Spot (247).JPG,Gray_Leaf_Spot
Corn_Gray_Spot (251).jpg,Gray_Leaf_Spot
Corn_Gray_Spot (252).JPG,Gray_Leaf_Spot
Corn_Gray_Spot (253).JPG,Gray_Leaf_Spot
Corn_Gray_Spot (254).JPG,Gray_Leaf_Spot
Corn_Gray_Spot (255).jpg,Gray_Leaf_Spot
Corn_Gray_Spot (256).jpg,Gray_Leaf_Spot
Corn_Gray_Spot (257).JPG,Gray_Leaf_Spot
Corn_Gray_Spot (258).JPG,Gray_Leaf_Spot
Corn_Gray_Spot (259).JPG,Gray_Leaf_Spot
Corn_Gray_Spot (26).jpg,Gray_Leaf_Spot
Corn_Gray_Spot (262).JPG,Gray_Leaf_Spot
Corn_Gray_Spot (263).JPG,Gray_Leaf_Spot
Corn_Gray_Spot (264).JPG,Gray_Leaf_Spot
Corn_Gray_Spot (267).JPG,Gray_Leaf_Spot
Corn_Gray_Spot (268).jpg,Gray_Leaf_Spot
Corn_Gray_Spot (27).jpg,Gray_Leaf_Spot
Corn_Gray_Spot (272).jpg,Gray_Leaf_Spot
Corn_Gray_Spot (273).JPG,Gray_Leaf_Spot
Corn_Gray_Spot (274).JPG,Gray_Leaf_Spot
Corn_Gray_Spot (275).JPG,Gray_Leaf_Spot
Corn_Gray_Spot (278).JPG,Gray_Leaf_Spot
Corn_Gray_Spot (279).JPG,Gray_Leaf_Spot
Corn_Gray_Spot (28).jpg,Gray_Leaf_Spot
Corn_Gray_Spot (280).jpg,Gray_Leaf_Spot
Corn_Gray_Spot (281).JPG,Gray_Leaf_Spot
Corn_Gray_Spot (282).JPG,Gray_Leaf_Spot
Corn_Gray_Spot (285).JPG,Gray_Leaf_Spot
Corn_Gray_Spot (287).jpg,Gray_Leaf_Spot
Corn_Gray_Spot (288).JPG,Gray_Leaf_Spot
Corn_Gray_Spot (289).JPG,Gray_Leaf_Spot
Corn_Gray_Spot (29).jpg,Gray_Leaf_Spot
Corn_Gray_Spot (291).JPG,Gray_Leaf_Spot
Corn_Gray_Spot (292).jpg,Gray_Leaf_Spot
Corn_Gray_Spot (293).JPG,Gray_Leaf_Spot
Corn_Gray_Spot (294).JPG,Gray_Leaf_Spot
Corn_Gray_Spot (295).JPG,Gray_Leaf_Spot
Corn_Gray_Spot (296).JPG,Gray_Leaf_Spot
Corn_Gray_Spot (297).JPG,Gray_Leaf_Spot
Corn_Gray_Spot (298).JPG,Gray_Leaf_Spot
Corn_Gray_Spot (299).JPG,Gray_Leaf_Spot
Corn_Gray_Spot (3).jpg,Gray_Leaf_Spot
Corn_Gray_Spot (30).jpg,Gray_Leaf_Spot
Corn_Gray_Spot (300).JPG,Gray_Leaf_Spot
Corn_Gray_Spot (301).JPG,Gray_Leaf_Spot
Corn_Gray_Spot (303).JPG,Gray_Leaf_Spot
Corn_Gray_Spot (305).JPG,Gray_Leaf_Spot
Corn_Gray_Spot (306).JPG,Gray_Leaf_Spot
Corn_Gray_Spot (309).JPG,Gray_Leaf_Spot
Corn_Gray_Spot (31).jpg,Gray_Leaf_Spot
Corn_Gray_Spot (310).JPG,Gray_Leaf_Spot
Corn_Gray_Spot (311).jpg,Gray_Leaf_Spot
Corn_Gray_Spot (314).JPG,Gray_Leaf_Spot
Corn_Gray_Spot (315).JPG,Gray_Leaf_Spot
Corn_Gray_Spot (317).JPG,Gray_Leaf_Spot
Corn_Gray_Spot (318).JPG,Gray_Leaf_Spot
Corn_Gray_Spot (320).JPG,Gray_Leaf_Spot
Corn_Gray_Spot (321).JPG,Gray_Leaf_Spot
Corn_Gray_Spot (323).JPG,Gray_Leaf_Spot
Corn_Gray_Spot (325).jpg,Gray_Leaf_Spot
Corn_Gray_Spot (326).JPG,Gray_Leaf_Spot
Corn_Gray_Spot (327).JPG,Gray_Leaf_Spot
Corn_Gray_Spot (328).JPG,Gray_Leaf_Spot
Corn_Gray_Spot (329).JPG,Gray_Leaf_Spot
Corn_Gray_Spot (33).jpg,Gray_Leaf_Spot
Corn_Gray_Spot (332).jpg,Gray_Leaf_Spot
Corn_Gray_Spot (333).JPG,Gray_Leaf_Spot
Corn_Gray_Spot (337).jpg,Gray_Leaf_Spot
Corn_Gray_Spot (338).JPG,Gray_Leaf_Spot
Corn_Gray_Spot (34).jpg,Gray_Leaf_Spot
Corn_Gray_Spot (340).JPG,Gray_Leaf_Spot
Corn_Gray_Spot (343).JPG,Gray_Leaf_Spot
Corn_Gray_Spot (344).JPG,Gray_Leaf_Spot
Corn_Gray_Spot (345).JPG,Gray_Leaf_Spot
Corn_Gray_Spot (348).jpg,Gray_Leaf_Spot
Corn_Gray_Spot (349).JPG,Gray_Leaf_Spot
Corn_Gray_Spot (35).jpg,Gray_Leaf_Spot
Corn_Gray_Spot (353).jpg,Gray_Leaf_Spot
Corn_Gray_Spot (354).JPG,Gray_Leaf_Spot
Corn_Gray_Spot (355).JPG,Gray_Leaf_Spot
Corn_Gray_Spot (356).JPG,Gray_Leaf_Spot
Corn_Gray_Spot (357).jpg,Gray_Leaf_Spot
Corn_Gray_Spot (358).JPG,Gray_Leaf_Spot
Corn_Gray_Spot (36).jpg,Gray_Leaf_Spot
Corn_Gray_Spot (360).JPG,Gray_Leaf_Spot
Corn_Gray_Spot (365).JPG,Gray_Leaf_Spot
Corn_Gray_Spot (367).JPG,Gray_Leaf_Spot
Corn_Gray_Spot (369).JPG,Gray_Leaf_Spot
Corn_Gray_Spot (37).jpg,Gray_Leaf_Spot
Corn_Gray_Spot (370).JPG,Gray_Leaf_Spot
Corn_Gray_Spot (372).JPG,Gray_Leaf_Spot
Corn_Gray_Spot (373).JPG,Gray_Leaf_Spot
Corn_Gray_Spot (375).JPG,Gray_Leaf_Spot
Corn_Gray_Spot (376).jpg,Gray_Leaf_Spot
Corn_Gray_Spot (377).jpg,Gray_Leaf_Spot
Corn_Gray_Spot (378).JPG,Gray_Leaf_Spot
Corn_Gray_Spot (38).jpg,Gray_Leaf_Spot
Corn_Gray_Spot (380).JPG,Gray_Leaf_Spot
Corn_Gray_Spot (381).jpg,Gray_Leaf_Spot
Corn_Gray_Spot (383).JPG,Gray_Leaf_Spot
Corn_Gray_Spot (384).JPG,Gray_Leaf_Spot
Corn_Gray_Spot (385).JPG,Gray_Leaf_Spot
Corn_Gray_Spot (386).JPG,Gray_Leaf_Spot
Corn_Gray_Spot (387).JPG,Gray_Leaf_Spot
Corn_Gray_Spot (388).JPG,Gray_Leaf_Spot
Corn_Gray_Spot (389).JPG,Gray_Leaf_Spot
Corn_Gray_Spot (39).jpg,Gray_Leaf_Spot
Corn_Gray_Spot (390).JPG,Gray_Leaf_Spot
Corn_Gray_Spot (391).JPG,Gray_Leaf_Spot
Corn_Gray_Spot (392).JPG,Gray_Leaf_Spot
Corn_Gray_Spot (393).jpg,Gray_Leaf_Spot
Corn_Gray_Spot (396).JPG,Gray_Leaf_Spot
Corn_Gray_Spot (397).jpg,Gray_Leaf_Spot
Corn_Gray_Spot (398).JPG,Gray_Leaf_Spot
Corn_Gray_Spot (399).JPG,Gray_Leaf_Spot
Corn_Gray_Spot (4).jpg,Gray_Leaf_Spot
Corn_Gray_Spot (401).JPG,Gray_Leaf_Spot
Corn_Gray_Spot (402).JPG,Gray_Leaf_Spot
Corn_Gray_Spot (404).JPG,Gray_Leaf_Spot
Corn_Gray_Spot (409).jpg,Gray_Leaf_Spot
Corn_Gray_Spot (410).JPG,Gray_Leaf_Spot
Corn_Gray_Spot (411).jpg,Gray_Leaf_Spot
Corn_Gray_Spot (413).JPG,Gray_Leaf_Spot
Corn_Gray_Spot (414).JPG,Gray_Leaf_Spot
Corn_Gray_Spot (416).JPG,Gray_Leaf_Spot
Corn_Gray_Spot (419).JPG,Gray_Leaf_Spot
Corn_Gray_Spot (42).jpg,Gray_Leaf_Spot
Corn_Gray_Spot (420).JPG,Gray_Leaf_Spot
Corn_Gray_Spot (421).JPG,Gray_Leaf_Spot
Corn_Gray_Spot (424).JPG,Gray_Leaf_Spot
Corn_Gray_Spot (425).JPG,Gray_Leaf_Spot
Corn_Gray_Spot (426).JPG,Gray_Leaf_Spot
Corn_Gray_Spot (427).JPG,Gray_Leaf_Spot
Corn_Gray_Spot (428).JPG,Gray_Leaf_Spot
Corn_Gray_Spot (429).JPG,Gray_Leaf_Spot
Corn_Gray_Spot (430).jpg,Gray_Leaf_Spot
Corn_Gray_Spot (431).JPG,Gray_Leaf_Spot
Corn_Gray_Spot (433).JPG,Gray_Leaf_Spot
Corn_Gray_Spot (434).JPG,Gray_Leaf_Spot
Corn_Gray_Spot (435).JPG,Gray_Leaf_Spot
Corn_Gray_Spot (436).JPG,Gray_Leaf_Spot
Corn_Gray_Spot (437).JPG,Gray_Leaf_Spot
Corn_Gray_Spot (438).JPG,Gray_Leaf_Spot
Corn_Gray_Spot (439).JPG,Gray_Leaf_Spot
Corn_Gray_Spot (44).jpg,Gray_Leaf_Spot
Corn_Gray_Spot (440).jpg,Gray_Leaf_Spot
Corn_Gray_Spot (441).JPG,Gray_Leaf_Spot
Corn_Gray_Spot (442).JPG,Gray_Leaf_Spot
Corn_Gray_Spot (444).JPG,Gray_Leaf_Spot
Corn_Gray_Spot (445).JPG,Gray_Leaf_Spot
Corn_Gray_Spot (449).JPG,Gray_Leaf_Spot
Corn_Gray_Spot (45).jpg,Gray_Leaf_Spot
Corn_Gray_Spot (451).jpg,Gray_Leaf_Spot
Corn_Gray_Spot (452).JPG,Gray_Leaf_Spot
Corn_Gray_Spot (453).JPG,Gray_Leaf_Spot
Corn_Gray_Spot (455).JPG,Gray_Leaf_Spot
Corn_Gray_Spot (456).JPG,Gray_Leaf_Spot
Corn_Gray_Spot (457).JPG,Gray_Leaf_Spot
Corn_Gray_Spot (458).JPG,Gray_Leaf_Spot
Corn_Gray_Spot (459).JPG,Gray_Leaf_Spot
Corn_Gray_Spot (46).jpg,Gray_Leaf_Spot
Corn_Gray_Spot (460).JPG,Gray_Leaf_Spot
Corn_Gray_Spot (461).JPG,Gray_Leaf_Spot
Corn_Gray_Spot (463).JPG,Gray_Leaf_Spot
Corn_Gray_Spot (464).JPG,Gray_Leaf_Spot
Corn_Gray_Spot (466).JPG,Gray_Leaf_Spot
Corn_Gray_Spot (467).JPG,Gray_Leaf_Spot
Corn_Gray_Spot (468).JPG,Gray_Leaf_Spot
Corn_Gray_Spot (47).jpg,Gray_Leaf_Spot
Corn_Gray_Spot (470).JPG,Gray_Leaf_Spot
Corn_Gray_Spot (471).JPG,Gray_Leaf_Spot
Corn_Gray_Spot (472).JPG,Gray_Leaf_Spot
Corn_Gray_Spot (475).JPG,Gray_Leaf_Spot
Corn_Gray_Spot (476).JPG,Gray_Leaf_Spot
Corn_Gray_Spot (477).JPG,Gray_Leaf_Spot
Corn_Gray_Spot (478).JPG,Gray_Leaf_Spot
Corn_Gray_Spot (479).JPG,Gray_Leaf_Spot
Corn_Gray_Spot (482).JPG,Gray_Leaf_Spot
Corn_Gray_Spot (483).JPG,Gray_Leaf_Spot
Corn_Gray_Spot (485).JPG,Gray_Leaf_Spot
Corn_Gray_Spot (486).JPG,Gray_Leaf_Spot
Corn_Gray_Spot (487).JPG,Gray_Leaf_Spot
Corn_Gray_Spot (488).JPG,Gray_Leaf_Spot
Corn_Gray_Spot (489).JPG,Gray_Leaf_Spot
Corn_Gray_Spot (490).JPG,Gray_Leaf_Spot
Corn_Gray_Spot (491).JPG,Gray_Leaf_Spot
Corn_Gray_Spot (492).JPG,Gray_Leaf_Spot
Corn_Gray_Spot (494).JPG,Gray_Leaf_Spot
Corn_Gray_Spot (496).JPG,Gray_Leaf_Spot
Corn_Gray_Spot (497).jpg,Gray_Leaf_Spot
Corn_Gray_Spot (498).JPG,Gray_Leaf_Spot
Corn_Gray_Spot (499).JPG,Gray_Leaf_Spot
Corn_Gray_Spot (5).jpg,Gray_Leaf_Spot
Corn_Gray_Spot (50).JPG,Gray_Leaf_Spot
Corn_Gray_Spot (500).JPG,Gray_Leaf_Spot
Corn_Gray_Spot (501).JPG,Gray_Leaf_Spot
Corn_Gray_Spot (502).JPG,Gray_Leaf_Spot
Corn_Gray_Spot (503).JPG,Gray_Leaf_Spot
Corn_Gray_Spot (504).JPG,Gray_Leaf_Spot
Corn_Gray_Spot (506).JPG,Gray_Leaf_Spot
Corn_Gray_Spot (507).JPG,Gray_Leaf_Spot
Corn_Gray_Spot (51).JPG,Gray_Leaf_Spot
Corn_Gray_Spot (510).JPG,Gray_Leaf_Spot
Corn_Gray_Spot (512).JPG,Gray_Leaf_Spot
Corn_Gray_Spot (513).JPG,Gray_Leaf_Spot
Corn_Gray_Spot (514).JPG,Gray_Leaf_Spot
Corn_Gray_Spot (515).JPG,Gray_Leaf_Spot
Corn_Gray_Spot (516).JPG,Gray_Leaf_Spot
Corn_Gray_Spot (517).JPG,Gray_Leaf_Spot
Corn_Gray_Spot (519).JPG,Gray_Leaf_Spot
Corn_Gray_Spot (52).jpg,Gray_Leaf_Spot
Corn_Gray_Spot (520).JPG,Gray_Leaf_Spot
Corn_Gray_Spot (522).jpg,Gray_Leaf_Spot
Corn_Gray_Spot (523).jpg,Gray_Leaf_Spot
Corn_Gray_Spot (524).JPG,Gray_Leaf_Spot
Corn_Gray_Spot (525).JPG,Gray_Leaf_Spot
Corn_Gray_Spot (526).JPG,Gray_Leaf_Spot
Corn_Gray_Spot (527).JPG,Gray_Leaf_Spot
Corn_Gray_Spot (528).JPG,Gray_Leaf_Spot
Corn_Gray_Spot (529).jpg,Gray_Leaf_Spot
Corn_Gray_Spot (532).JPG,Gray_Leaf_Spot
Corn_Gray_Spot (533).JPG,Gray_Leaf_Spot
Corn_Gray_Spot (535).JPG,Gray_Leaf_Spot
Corn_Gray_Spot (536).JPG,Gray_Leaf_Spot
Corn_Gray_Spot (537).JPG,Gray_Leaf_Spot
Corn_Gray_Spot (540).jpg,Gray_Leaf_Spot
Corn_Gray_Spot (541).JPG,Gray_Leaf_Spot
Corn_Gray_Spot (542).jpg,Gray_Leaf_Spot
Corn_Gray_Spot (543).JPG,Gray_Leaf_Spot
Corn_Gray_Spot (544).JPG,Gray_Leaf_Spot
Corn_Gray_Spot (547).JPG,Gray_Leaf_Spot
Corn_Gray_Spot (549).JPG,Gray_Leaf_Spot
Corn_Gray_Spot (55).jpg,Gray_Leaf_Spot
Corn_Gray_Spot (550).JPG,Gray_Leaf_Spot
Corn_Gray_Spot (553).JPG,Gray_Leaf_Spot
Corn_Gray_Spot (555).JPG,Gray_Leaf_Spot
Corn_Gray_Spot (557).jpg,Gray_Leaf_Spot
Corn_Gray_Spot (558).JPG,Gray_Leaf_Spot
Corn_Gray_Spot (559).JPG,Gray_Leaf_Spot
Corn_Gray_Spot (56).JPG,Gray_Leaf_Spot
Corn_Gray_Spot (560).JPG,Gray_Leaf_Spot
Corn_Gray_Spot (561).JPG,Gray_Leaf_Spot
Corn_Gray_Spot (562).jpg,Gray_Leaf_Spot
Corn_Gray_Spot (563).jpg,Gray_Leaf_Spot
Corn_Gray_Spot (565).jpg,Gray_Leaf_Spot
Corn_Gray_Spot (566).jpg,Gray_Leaf_Spot
Corn_Gray_Spot (567).jpg,Gray_Leaf_Spot
Corn_Gray_Spot (568).jpg,Gray_Leaf_Spot
Corn_Gray_Spot (57).JPG,Gray_Leaf_Spot
Corn_Gray_Spot (570).jpg,Gray_Leaf_Spot
Corn_Gray_Spot (571).jpg,Gray_Leaf_Spot
Corn_Gray_Spot (573).jpg,Gray_Leaf_Spot
Corn_Gray_Spot (58).JPG,Gray_Leaf_Spot
Corn_Gray_Spot (59).JPG,Gray_Leaf_Spot
Corn_Gray_Spot (6).jpg,Gray_Leaf_Spot
Corn_Gray_Spot (60).JPG,Gray_Leaf_Spot
Corn_Gray_Spot (61).JPG,Gray_Leaf_Spot
Corn_Gray_Spot (62).JPG,Gray_Leaf_Spot
Corn_Gray_Spot (63).JPG,Gray_Leaf_Spot
Corn_Gray_Spot (65).JPG,Gray_Leaf_Spot
Corn_Gray_Spot (66).JPG,Gray_Leaf_Spot
Corn_Gray_Spot (67).JPG,Gray_Leaf_Spot
Corn_Gray_Spot (69).JPG,Gray_Leaf_Spot
Corn_Gray_Spot (7).jpg,Gray_Leaf_Spot
Corn_Gray_Spot (70).JPG,Gray_Leaf_Spot
Corn_Gray_Spot (72).JPG,Gray_Leaf_Spot
Corn_Gray_Spot (75).jpg,Gray_Leaf_Spot
Corn_Gray_Spot (76).JPG,Gray_Leaf_Spot
Corn_Gray_Spot (78).JPG,Gray_Leaf_Spot
Corn_Gray_Spot (79).jpg,Gray_Leaf_Spot
Corn_Gray_Spot (8).jpg,Gray_Leaf_Spot
Corn_Gray_Spot (80).JPG,Gray_Leaf_Spot
Corn_Gray_Spot (83).JPG,Gray_Leaf_Spot
Corn_Gray_Spot (84).JPG,Gray_Leaf_Spot
Corn_Gray_Spot (86).JPG,Gray_Leaf_Spot
Corn_Gray_Spot (87).JPG,Gray_Leaf_Spot
Corn_Gray_Spot (88).JPG,Gray_Leaf_Spot
Corn_Gray_Spot (9).jpg,Gray_Leaf_Spot
Corn_Gray_Spot (91).JPG,Gray_Leaf_Spot
Corn_Gray_Spot (93).JPG,Gray_Leaf_Spot
Corn_Gray_Spot (94).JPG,Gray_Leaf_Spot
Corn_Gray_Spot (95).JPG,Gray_Leaf_Spot
Corn_Gray_Spot (96).JPG,Gray_Leaf_Spot
Corn_Gray_Spot (97).JPG,Gray_Leaf_Spot
Corn_Health (1).jpg,Healthy
Corn_Health (10).jpg,Healthy
Corn_Health (100).jpg,Healthy
Corn_Health (1000).jpg,Healthy
Corn_Health (1002).jpg,Healthy
Corn_Health (1003).jpg,Healthy
Corn_Health (1004).jpg,Healthy
Corn_Health (1005).jpg,Healthy
Corn_Health (1007).jpg,Healthy
Corn_Health (1008).jpg,Healthy
Corn_Health (1009).jpg,Healthy
Corn_Health (1010).jpg,Healthy
Corn_Health (1011).jpg,Healthy
Corn_Health (1012).JPG,Healthy
Corn_Health (1013).jpg,Healthy
Corn_Health (1014).jpg,Healthy
Corn_Health (1015).jpg,Healthy
Corn_Health (1016).jpg,Healthy
Corn_Health (1018).jpg,Healthy
Corn_Health (102).jpg,Healthy
Corn_Health (1021).jpg,Healthy
Corn_Health (1022).jpg,Healthy
Corn_Health (1023).jpg,Healthy
Corn_Health (1025).jpg,Healthy
Corn_Health (1027).jpg,Healthy
Corn_Health (1029).jpg,Healthy
Corn_Health (103).jpg,Healthy
Corn_Health (1030).jpg,Healthy
Corn_Health (1031).jpg,Healthy
Corn_Health (1032).jpg,Healthy
Corn_Health (1033).jpg,Healthy
Corn_Health (1034).jpg,Healthy
Corn_Health (1035).jpg,Healthy
Corn_Health (1037).jpg,Healthy
Corn_Health (1038).jpg,Healthy
Corn_Health (104).jpg,Healthy
Corn_Health (1040).jpg,Healthy
Corn_Health (1041).jpg,Healthy
Corn_Health (1042).jpg,Healthy
Corn_Health (1044).jpg,Healthy
Corn_Health (1045).jpg,Healthy
Corn_Health (1049).jpg,Healthy
Corn_Health (105).jpg,Healthy
Corn_Health (1050).jpg,Healthy
Corn_Health (1051).jpg,Healthy
Corn_Health (1052).jpg,Healthy
Corn_Health (1053).jpg,Healthy
Corn_Health (1054).jpg,Healthy
Corn_Health (1055).jpg,Healthy
Corn_Health (1057).jpg,Healthy
Corn_Health (1058).jpg,Healthy
Corn_Health (1059).jpg,Healthy
Corn_Health (1060).jpg,Healthy
Corn_Health (1061).jpg,Healthy
Corn_Health (1062).jpg,Healthy
Corn_Health (1063).jpg,Healthy
Corn_Health (1064).jpg,Healthy
Corn_Health (1065).jpg,Healthy
Corn_Health (1067).jpg,Healthy
Corn_Health (1068).jpg,Healthy
Corn_Health (1069).jpg,Healthy
Corn_Health (107).JPG,Healthy
Corn_Health (1070).jpg,Healthy
Corn_Health (1071).jpg,Healthy
Corn_Health (1072).jpg,Healthy
Corn_Health (1073).jpg,Healthy
Corn_Health (1075).jpg,Healthy
Corn_Health (1077).jpg,Healthy
Corn_Health (1078).jpg,Healthy
Corn_Health (1080).jpg,Healthy
Corn_Health (1081).jpg,Healthy
Corn_Health (1082).jpg,Healthy
Corn_Health (1083).jpg,Healthy
Corn_Health (1084).jpg,Healthy
Corn_Health (1085).jpg,Healthy
Corn_Health (1086).jpg,Healthy
Corn_Health (1087).jpg,Healthy
Corn_Health (1089).jpg,Healthy
Corn_Health (109).jpg,Healthy
Corn_Health (1090).jpg,Healthy
Corn_Health (1091).jpg,Healthy
Corn_Health (1093).jpg,Healthy
Corn_Health (1094).jpg,Healthy
Corn_Health (1095).jpg,Healthy
Corn_Health (1096).jpg,Healthy
Corn_Health (1097).jpg,Healthy
Corn_Health (1098).jpg,Healthy
Corn_Health (11).jpg,Healthy
Corn_Health (110).jpg,Healthy
Corn_Health (1100).jpg,Healthy
Corn_Health (1104).jpg,Healthy
Corn_Health (1107).jpg,Healthy
Corn_Health (1108).jpg,Healthy
Corn_Health (1109).jpg,Healthy
Corn_Health (111).jpg,Healthy
Corn_Health (1110).jpg,Healthy
Corn_Health (1111).jpg,Healthy
Corn_Health (1112).jpg,Healthy
Corn_Health (1113).jpg,Healthy
Corn_Health (1115).jpg,Healthy
Corn_Health (1116).jpg,Healthy
Corn_Health (1117).jpg,Healthy
Corn_Health (1118).jpg,Healthy
Corn_Health (1119).jpg,Healthy
Corn_Health (112).jpg,Healthy
Corn_Health (1120).jpg,Healthy
Corn_Health (1122).jpg,Healthy
Corn_Health (1124).jpg,Healthy
Corn_Health (1126).jpg,Healthy
Corn_Health (1129).jpg,Healthy
Corn_Health (113).jpg,Healthy
Corn_Health (1130).jpg,Healthy
Corn_Health (1131).jpg,Healthy
Corn_Health (1132).jpg,Healthy
Corn_Health (1133).jpg,Healthy
Corn_Health (1135).jpg,Healthy
Corn_Health (1136).jpg,Healthy
Corn_Health (1137).jpg,Healthy
Corn_Health (1138).jpg,Healthy
Corn_Health (1139).jpg,Healthy
Corn_Health (1140).jpg,Healthy
Corn_Health (1141).jpg,Healthy
Corn_Health (1142).jpg,Healthy
Corn_Health (1143).jpg,Healthy
Corn_Health (1144).jpg,Healthy
Corn_Health (1146).jpg,Healthy
Corn_Health (1147).jpg,Healthy
Corn_Health (1148).jpg,Healthy
Corn_Health (1149).jpg,Healthy
Corn_Health (1150).jpg,Healthy
Corn_Health (116).jpg,Healthy
Corn_Health (1160).jpg,Healthy
Corn_Health (1161).jpg,Healthy
Corn_Health (1162).jpg,Healthy
Corn_Health (118).jpg,Healthy
Corn_Health (119).jpg,Healthy
Corn_Health (12).jpg,Healthy
Corn_Health (122).jpg,Healthy
Corn_Health (125).jpg,Healthy
Corn_Health (126).jpg,Healthy
Corn_Health (127).jpg,Healthy
Corn_Health (128).jpg,Healthy
Corn_Health (129).jpg,Healthy
Corn_Health (13).jpg,Healthy
Corn_Health (130).jpg,Healthy
Corn_Health (132).jpg,Healthy
Corn_Health (135).jpg,Healthy
Corn_Health (136).jpg,Healthy
Corn_Health (137).jpg,Healthy
Corn_Health (138).jpg,Healthy
Corn_Health (139).jpg,Healthy
Corn_Health (14).jpg,Healthy
Corn_Health (143).jpg,Healthy
Corn_Health (144).jpg,Healthy
Corn_Health (146).jpg,Healthy
Corn_Health (148).jpg,Healthy
Corn_Health (149).jpg,Healthy
Corn_Health (150).jpg,Healthy
Corn_Health (151).jpg,Healthy
Corn_Health (152).jpg,Healthy
Corn_Health (154).jpg,Healthy
Corn_Health (156).jpg,Healthy
Corn_Health (157).jpg,Healthy
Corn_Health (158).jpg,Healthy
Corn_Health (159).jpg,Healthy
Corn_Health (160).jpg,Healthy
Corn_Health (161).jpg,Healthy
Corn_Health (163).jpg,Healthy
Corn_Health (164).jpg,Healthy
Corn_Health (165).jpg,Healthy
Corn_Health (167).jpg,Healthy
Corn_Health (168).jpg,Healthy
Corn_Health (169).jpg,Healthy
Corn_Health (17).jpg,Healthy
Corn_Health (170).jpg,Healthy
Corn_Health (171).jpg,Healthy
Corn_Health (173).jpg,Healthy
Corn_Health (174).jpg,Healthy
Corn_Health (175).jpg,Healthy
Corn_Health (176).JPG,Healthy
Corn_Health (178).jpg,Healthy
Corn_Health (179).jpg,Healthy
Corn_Health (18).jpg,Healthy
Corn_Health (181).jpg,Healthy
Corn_Health (182).jpg,Healthy
Corn_Health (183).jpg,Healthy
Corn_Health (184).jpg,Healthy
Corn_Health (185).jpg,Healthy
Corn_Health (186).jpg,Healthy
Corn_Health (187).jpg,Healthy
Corn_Health (188).jpg,Healthy
Corn_Health (189).jpg,Healthy
Corn_Health (19).jpg,Healthy
Corn_Health (190).jpg,Healthy
Corn_Health (191).jpg,Healthy
Corn_Health (192).jpg,Healthy
Corn_Health (193).jpg,Healthy
Corn_Health (196).jpg,Healthy
Corn_Health (198).jpg,Healthy
Corn_Health (199).JPG,Healthy
Corn_Health (20).jpg,Healthy
Corn_Health (200).jpg,Healthy
Corn_Health (203).jpg,Healthy
Corn_Health (204).jpg,Healthy
Corn_Health (206).jpg,Healthy
Corn_Health (207).jpg,Healthy
Corn_Health (21).jpg,Healthy
Corn_Health (210).jpg,Healthy
Corn_Health (211).jpg,Healthy
Corn_Health (212).jpg,Healthy
Corn_Health (214).jpg,Healthy
Corn_Health (215).jpg,Healthy
Corn_Health (216).jpg,Healthy
Corn_Health (217).jpg,Healthy
Corn_Health (219).jpg,Healthy
Corn_Health (22).jpg,Healthy
Corn_Health (222).jpg,Healthy
Corn_Health (223).jpg,Healthy
Corn_Health (224).jpg,Healthy
Corn_Health (225).jpg,Healthy
Corn_Health (227).jpg,Healthy
Corn_Health (228).jpg,Healthy
Corn_Health (230).jpg,Healthy
Corn_Health (231).jpg,Healthy
Corn_Health (232).jpg,Healthy
Corn_Health (234).jpg,Healthy
Corn_Health (235).jpg,Healthy
Corn_Health (237).jpg,Healthy
Corn_Health (238).jpg,Healthy
Corn_Health (239).jpg,Healthy
Corn_Health (24).jpg,Healthy
Corn_Health (241).jpg,Healthy
Corn_Health (243).jpg,Healthy
Corn_Health (244).jpg,Healthy
Corn_Health (245).jpg,Healthy
Corn_Health (247).jpg,Healthy
Corn_Health (248).jpg,Healthy
Corn_Health (249).jpg,Healthy
Corn_Health (25).jpg,Healthy
Corn_Health (250).jpg,Healthy
Corn_Health (251).jpg,Healthy
Corn_Health (253).jpg,Healthy
Corn_Health (254).jpg,Healthy
Corn_Health (255).jpg,Healthy
Corn_Health (256).jpg,Healthy
Corn_Health (258).jpg,Healthy
Corn_Health (26).jpg,Healthy
Corn_Health (261).jpg,Healthy
Corn_Health (262).jpg,Healthy
Corn_Health (263).jpg,Healthy
Corn_Health (264).jpg,Healthy
Corn_Health (266).jpg,Healthy
Corn_Health (267).jpg,Healthy
Corn_Health (268).jpg,Healthy
Corn_Health (27).jpg,Healthy
Corn_Health (270).jpg,Healthy
Corn_Health (271).jpg,Healthy
Corn_Health (272).jpg,Healthy
Corn_Health (274).jpg,Healthy
Corn_Health (275).jpg,Healthy
Corn_Health (276).JPG,Healthy
Corn_Health (278).jpg,Healthy
Corn_Health (279).jpg,Healthy
Corn_Health (280).jpg,Healthy
Corn_Health (281).jpg,Healthy
Corn_Health (282).jpg,Healthy
Corn_Health (285).jpg,Healthy
Corn_Health (286).jpg,Healthy
Corn_Health (287).jpg,Healthy
Corn_Health (288).jpg,Healthy
Corn_Health (289).jpg,Healthy
Corn_Health (291).jpg,Healthy
Corn_Health (292).jpg,Healthy
Corn_Health (293).jpg,Healthy
Corn_Health (294).jpg,Healthy
Corn_Health (295).jpg,Healthy
Corn_Health (296).jpg,Healthy
Corn_Health (299).jpg,Healthy
Corn_Health (3).jpg,Healthy
Corn_Health (30).jpg,Healthy
Corn_Health (300).jpg,Healthy
Corn_Health (301).jpg,Healthy
Corn_Health (302).jpg,Healthy
Corn_Health (303).jpg,Healthy
Corn_Health (304).jpg,Healthy
Corn_Health (307).jpg,Healthy
Corn_Health (308).jpg,Healthy
Corn_Health (309).jpg,Healthy
Corn_Health (311).jpg,Healthy
Corn_Health (314).jpg,Healthy
Corn_Health (315).jpg,Healthy
Corn_Health (316).jpg,Healthy
Corn_Health (318).jpg,Healthy
Corn_Health (319).jpg,Healthy
Corn_Health (32).jpg,Healthy
Corn_Health (321).jpg,Healthy
Corn_Health (323).jpg,Healthy
Corn_Health (324).jpg,Healthy
Corn_Health (326).jpg,Healthy
Corn_Health (327).jpg,Healthy
Corn_Health (328).jpg,Healthy
Corn_Health (33).jpg,Healthy
Corn_Health (330).jpg,Healthy
Corn_Health (331).jpg,Healthy
Corn_Health (332).jpg,Healthy
Corn_Health (334).jpg,Healthy
Corn_Health (336).jpg,Healthy
Corn_Health (337).jpg,Healthy
Corn_Health (34).jpg,Healthy
Corn_Health (340).jpg,Healthy
Corn_Health (341).jpg,Healthy
Corn_Health (343).jpg,Healthy
Corn_Health (346).jpg,Healthy
Corn_Health (347).jpg,Healthy
Corn_Health (349).jpg,Healthy
Corn_Health (35).jpg,Healthy
Corn_Health (351).jpg,Healthy
Corn_Health (352).jpg,Healthy
Corn_Health (353).jpg,Healthy
Corn_Health (354).jpg,Healthy
Corn_Health (355).jpg,Healthy
Corn_Health (358).jpg,Healthy
Corn_Health (360).jpg,Healthy
Corn_Health (362).jpg,Healthy
Corn_Health (363).jpg,Healthy
Corn_Health (364).jpg,Healthy
Corn_Health (365).jpg,Healthy
Corn_Health (366).jpg,Healthy
Corn_Health (369).jpg,Healthy
Corn_Health (370).jpg,Healthy
Corn_Health (371).jpg,Healthy
Corn_Health (372).jpg,Healthy
Corn_Health (373).jpg,Healthy
Corn_Health (375).jpg,Healthy
Corn_Health (376).jpg,Healthy
Corn_Health (377).jpg,Healthy
Corn_Health (378).jpg,Healthy
Corn_Health (38).jpg,Healthy
Corn_Health (380).jpg,Healthy
Corn_Health (381).jpg,Healthy
Corn_Health (382).jpg,Healthy
Corn_Health (383).jpg,Healthy
Corn_Health (384).jpg,Healthy
Corn_Health (385).jpg,Healthy
Corn_Health (386).jpg,Healthy
Corn_Health (387).jpg,Healthy
Corn_Health (388).jpg,Healthy
Corn_Health (389).jpg,Healthy
Corn_Health (39).jpg,Healthy
Corn_Health (390).jpg,Healthy
Corn_Health (392).jpg,Healthy
Corn_Health (393).jpg,Healthy
Corn_Health (394).jpg,Healthy
Corn_Health (395).jpg,Healthy
Corn_Health (396).jpg,Healthy
Corn_Health (397).jpg,Healthy
Corn_Health (401).jpg,Healthy
Corn_Health (404).jpg,Healthy
Corn_Health (406).jpg,Healthy
Corn_Health (410).jpg,Healthy
Corn_Health (411).jpg,Healthy
Corn_Health (412).jpg,Healthy
Corn_Health (413).jpg,Healthy
Corn_Health (414).jpg,Healthy
Corn_Health (415).jpg,Healthy
Corn_Health (417).jpg,Healthy
Corn_Health (419).jpg,Healthy
Corn_Health (42).jpg,Healthy
Corn_Health (420).jpg,Healthy
Corn_Health (421).jpg,Healthy
Corn_Health (422).jpg,Healthy
Corn_Health (424).jpg,Healthy
Corn_Health (425).jpg,Healthy
Corn_Health (426).jpg,Healthy
Corn_Health (427).jpg,Healthy
Corn_Health (43).jpg,Healthy
Corn_Health (430).jpg,Healthy
Corn_Health (431).jpg,Healthy
Corn_Health (433).jpg,Healthy
Corn_Health (434).jpg,Healthy
Corn_Health (435).JPG,Healthy
Corn_Health (436).jpg,Healthy
Corn_Health (437).jpg,Healthy
Corn_Health (438).jpg,Healthy
Corn_Health (44).jpg,Healthy
Corn_Health (440).jpg,Healthy
Corn_Health (441).jpg,Healthy
Corn_Health (442).jpg,Healthy
Corn_Health (443).jpg,Healthy
Corn_Health (444).jpg,Healthy
Corn_Health (445).jpg,Healthy
Corn_Health (446).jpg,Healthy
Corn_Health (449).jpg,Healthy
Corn_Health (450).jpg,Healthy
Corn_Health (451).jpg,Healthy
Corn_Health (454).jpg,Healthy
Corn_Health (455).jpg,Healthy
Corn_Health (457).jpg,Healthy
Corn_Health (458).jpg,Healthy
Corn_Health (46).jpg,Healthy
Corn_Health (460).jpg,Healthy
Corn_Health (462).JPG,Healthy
Corn_Health (463).jpg,Healthy
Corn_Health (465).jpg,Healthy
Corn_Health (466).jpg,Healthy
Corn_Health (467).jpg,Healthy
Corn_Health (468).jpg,Healthy
Corn_Health (471).jpg,Healthy
Corn_Health (472).jpg,Healthy
Corn_Health (475).jpg,Healthy
Corn_Health (476).jpg,Healthy
Corn_Health (477).jpg,Healthy
Corn_Health (478).jpg,Healthy
Corn_Health (479).JPG,Healthy
Corn_Health (48).jpg,Healthy
Corn_Health (481).JPG,Healthy
Corn_Health (483).jpg,Healthy
Corn_Health (484).jpg,Healthy
Corn_Health (486).jpg,Healthy
Corn_Health (487).jpg,Healthy
Corn_Health (488).jpg,Healthy
Corn_Health (489).jpg,Healthy
Corn_Health (491).jpg,Healthy
Corn_Health (492).jpg,Healthy
Corn_Health (493).jpg,Healthy
Corn_Health (495).jpg,Healthy
Corn_Health (496).jpg,Healthy
Corn_Health (5).jpg,Healthy
Corn_Health (50).jpg,Healthy
Corn_Health (500).jpg,Healthy
Corn_Health (503).jpg,Healthy
Corn_Health (505).jpg,Healthy
Corn_Health (508).jpg,Healthy
Corn_Health (509).jpg,Healthy
Corn_Health (51).jpg,Healthy
Corn_Health (511).jpg,Healthy
Corn_Health (512).jpg,Healthy
Corn_Health (514).jpg,Healthy
Corn_Health (516).jpg,Healthy
Corn_Health (517).jpg,Healthy
Corn_Health (52).jpg,Healthy
Corn_Health (520).jpg,Healthy
Corn_Health (522).jpg,Healthy
Corn_Health (524).jpg,Healthy
Corn_Health (525).jpg,Healthy
Corn_Health (526).jpg,Healthy
Corn_Health (528).jpg,Healthy
Corn_Health (529).jpg,Healthy
Corn_Health (53).jpg,Healthy
Corn_Health (530).jpg,Healthy
Corn_Health (533).jpg,Healthy
Corn_Health (534).jpg,Healthy
Corn_Health (535).jpg,Healthy
Corn_Health (536).jpg,Healthy
Corn_Health (537).jpg,Healthy
Corn_Health (539).jpg,Healthy
Corn_Health (54).jpg,Healthy
Corn_Health (544).jpg,Healthy
Corn_Health (545).jpg,Healthy
Corn_Health (546).jpg,Healthy
Corn_Health (548).jpg,Healthy
Corn_Health (549).jpg,Healthy
Corn_Health (551).jpg,Healthy
Corn_Health (552).jpg,Healthy
Corn_Health (556).jpg,Healthy
Corn_Health (557).jpg,Healthy
Corn_Health (558).jpg,Healthy
Corn_Health (560).jpg,Healthy
Corn_Health (561).jpg,Healthy
Corn_Health (562).jpg,Healthy
Corn_Health (563).jpg,Healthy
Corn_Health (566).jpg,Healthy
Corn_Health (567).jpg,Healthy
Corn_Health (568).jpg,Healthy
Corn_Health (569).jpg,Healthy
Corn_Health (571).jpg,Healthy
Corn_Health (574).jpg,Healthy
Corn_Health (575).jpg,Healthy
Corn_Health (576).jpg,Healthy
Corn_Health (578).jpg,Healthy
Corn_Health (579).jpg,Healthy
Corn_Health (58).jpg,Healthy
Corn_Health (580).jpg,Healthy
Corn_Health (581).jpg,Healthy
Corn_Health (582).jpg,Healthy
Corn_Health (583).jpg,Healthy
Corn_Health (586).jpg,Healthy
Corn_Health (587).jpg,Healthy
Corn_Health (588).jpg,Healthy
Corn_Health (59).jpg,Healthy
Corn_Health (590).jpg,Healthy
Corn_Health (591).jpg,Healthy
Corn_Health (593).jpg,Healthy
Corn_Health (594).jpg,Healthy
Corn_Health (596).jpg,Healthy
Corn_Health (597).jpg,Healthy
Corn_Health (598).jpg,Healthy
Corn_Health (599).jpg,Healthy
Corn_Health (6).jpg,Healthy
Corn_Health (60).jpg,Healthy
Corn_Health (603).jpg,Healthy
Corn_Health (605).jpg,Healthy
Corn_Health (606).jpg,Healthy
Corn_Health (608).jpg,Healthy
Corn_Health (609).jpg,Healthy
Corn_Health (61).jpg,Healthy
Corn_Health (610).jpg,Healthy
Corn_Health (611).jpg,Healthy
Corn_Health (612).jpg,Healthy
Corn_Health (613).jpg,Healthy
Corn_Health (614).jpg,Healthy
Corn_Health (617).JPG,Healthy
Corn_Health (619).jpg,Healthy
Corn_Health (62).jpg,Healthy
Corn_Health (620).jpg,Healthy
Corn_Health (621).jpg,Healthy
Corn_Health (622).jpg,Healthy
Corn_Health (623).jpg,Healthy
Corn_Health (624).jpg,Healthy
Corn_Health (626).jpg,Healthy
Corn_Health (627).jpg,Healthy
Corn_Health (628).jpg,Healthy
Corn_Health (629).jpg,Healthy
Corn_Health (63).jpg,Healthy
Corn_Health (631).jpg,Healthy
Corn_Health (633).jpg,Healthy
Corn_Health (634).jpg,Healthy
Corn_Health (636).jpg,Healthy
Corn_Health (638).jpg,Healthy
Corn_Health (639).jpg,Healthy
Corn_Health (64).jpg,Healthy
Corn_Health (640).jpg,Healthy
Corn_Health (641).jpg,Healthy
Corn_Health (643).jpg,Healthy
Corn_Health (644).jpg,Healthy
Corn_Health (647).jpg,Healthy
Corn_Health (649).jpg,Healthy
Corn_Health (650).jpg,Healthy
Corn_Health (651).jpg,Healthy
Corn_Health (652).jpg,Healthy
Corn_Health (655).jpg,Healthy
Corn_Health (656).jpg,Healthy
Corn_Health (657).jpg,Healthy
Corn_Health (658).jpg,Healthy
Corn_Health (66).jpg,Healthy
Corn_Health (660).jpg,Healthy
Corn_Health (661).jpg,Healthy
Corn_Health (663).jpg,Healthy
Corn_Health (664).jpg,Healthy
Corn_Health (666).jpg,Healthy
Corn_Health (669).jpg,Healthy
Corn_Health (67).jpg,Healthy
Corn_Health (670).jpg,Healthy
Corn_Health (671).jpg,Healthy
Corn_Health (673).jpg,Healthy
Corn_Health (675).jpg,Healthy
Corn_Health (676).jpg,Healthy
Corn_Health (678).jpg,Healthy
Corn_Health (679).jpg,Healthy
Corn_Health (68).jpg,Healthy
Corn_Health (680).jpg,Healthy
Corn_Health (681).jpg,Healthy
Corn_Health (683).jpg,Healthy
Corn_Health (684).jpg,Healthy
Corn_Health (685).jpg,Healthy
Corn_Health (689).jpg,Healthy
Corn_Health (692).jpg,Healthy
Corn_Health (693).jpg,Healthy
Corn_Health (694).jpg,Healthy
Corn_Health (695).jpg,Healthy
Corn_Health (696).jpg,Healthy
Corn_Health (697).jpg,Healthy
Corn_Health (698).jpg,Healthy
Corn_Health (70).jpg,Healthy
Corn_Health (700).jpg,Healthy
Corn_Health (701).jpg,Healthy
Corn_Health (705).JPG,Healthy
Corn_Health (707).jpg,Healthy
Corn_Health (708).jpg,Healthy
Corn_Health (709).jpg,Healthy
Corn_Health (71).jpg,Healthy
Corn_Health (710).jpg,Healthy
Corn_Health (711).jpg,Healthy
Corn_Health (712).jpg,Healthy
Corn_Health (713).jpg,Healthy
Corn_Health (714).jpg,Healthy
Corn_Health (716).jpg,Healthy
Corn_Health (717).jpg,Healthy
Corn_Health (718).jpg,Healthy
Corn_Health (72).jpg,Healthy
Corn_Health (720).jpg,Healthy
Corn_Health (721).jpg,Healthy
Corn_Health (724).jpg,Healthy
Corn_Health (725).jpg,Healthy
Corn_Health (726).jpg,Healthy
Corn_Health (728).jpg,Healthy
Corn_Health (73).jpg,Healthy
Corn_Health (730).jpg,Healthy
Corn_Health (733).jpg,Healthy
Corn_Health (734).jpg,Healthy
Corn_Health (736).jpg,Healthy
Corn_Health (737).jpg,Healthy
Corn_Health (738).jpg,Healthy
Corn_Health (739).jpg,Healthy
Corn_Health (74).jpg,Healthy
Corn_Health (740).jpg,Healthy
Corn_Health (741).jpg,Healthy
Corn_Health (742).jpg,Healthy
Corn_Health (743).jpg,Healthy
Corn_Health (744).jpg,Healthy
Corn_Health (745).jpg,Healthy
Corn_Health (749).jpg,Healthy
Corn_Health (75).jpg,Healthy
Corn_Health (750).jpg,Healthy
Corn_Health (751).jpg,Healthy
Corn_Health (752).jpg,Healthy
Corn_Health (753).jpg,Healthy
Corn_Health (755).jpg,Healthy
Corn_Health (757).jpg,Healthy
Corn_Health (758).jpg,Healthy
Corn_Health (759).jpg,Healthy
Corn_Health (76).jpg,Healthy
Corn_Health (761).jpg,Healthy
Corn_Health (762).jpg,Healthy
Corn_Health (763).jpg,Healthy
Corn_Health (765).jpg,Healthy
Corn_Health (766).jpg,Healthy
Corn_Health (768).jpg,Healthy
Corn_Health (769).jpg,Healthy
Corn_Health (77).jpg,Healthy
Corn_Health (771).jpg,Healthy
Corn_Health (773).jpg,Healthy
Corn_Health (775).jpg,Healthy
Corn_Health (776).jpg,Healthy
Corn_Health (777).jpg,Healthy
Corn_Health (778).jpg,Healthy
Corn_Health (779).jpg,Healthy
Corn_Health (78).jpg,Healthy
Corn_Health (781).jpg,Healthy
Corn_Health (782).jpg,Healthy
Corn_Health (783).jpg,Healthy
Corn_Health (785).jpg,Healthy
Corn_Health (786).jpg,Healthy
Corn_Health (787).jpg,Healthy
Corn_Health (788).jpg,Healthy
Corn_Health (789).jpg,Healthy
Corn_Health (79).jpg,Healthy
Corn_Health (791).jpg,Healthy
Corn_Health (795).jpg,Healthy
Corn_Health (796).jpg,Healthy
Corn_Health (799).jpg,Healthy
Corn_Health (80).jpg,Healthy
Corn_Health (800).jpg,Healthy
Corn_Health (802).jpg,Healthy
Corn_Health (804).jpg,Healthy
Corn_Health (807).jpg,Healthy
Corn_Health (808).jpg,Healthy
Corn_Health (809).jpg,Healthy
Corn_Health (810).jpg,Healthy
Corn_Health (811).jpg,Healthy
Corn_Health (812).jpg,Healthy
Corn_Health (814).jpg,Healthy
Corn_Health (815).jpg,Healthy
Corn_Health (816).jpg,Healthy
Corn_Health (817).jpg,Healthy
Corn_Health (818).jpg,Healthy
Corn_Health (819).jpg,Healthy
Corn_Health (82).jpg,Healthy
Corn_Health (820).jpg,Healthy
Corn_Health (821).jpg,Healthy
Corn_Health (822).jpg,Healthy
Corn_Health (823).jpg,Healthy
Corn_Health (824).jpg,Healthy
Corn_Health (825).jpg,Healthy
Corn_Health (826).jpg,Healthy
Corn_Health (828).jpg,Healthy
Corn_Health (829).jpg,Healthy
Corn_Health (83).jpg,Healthy
Corn_Health (830).jpg,Healthy
Corn_Health (831).jpg,Healthy
Corn_Health (832).jpg,Healthy
Corn_Health (833).jpg,Healthy
Corn_Health (834).jpg,Healthy
Corn_Health (835).jpg,Healthy
Corn_Health (837).jpg,Healthy
Corn_Health (838).jpg,Healthy
Corn_Health (839).jpg,Healthy
Corn_Health (84).jpg,Healthy
Corn_Health (840).jpg,Healthy
Corn_Health (841).jpg,Healthy
Corn_Health (843).jpg,Healthy
Corn_Health (844).jpg,Healthy
Corn_Health (846).jpg,Healthy
Corn_Health (847).jpg,Healthy
Corn_Health (848).jpg,Healthy
Corn_Health (849).jpg,Healthy
Corn_Health (85).jpg,Healthy
Corn_Health (850).jpg,Healthy
Corn_Health (852).jpg,Healthy
Corn_Health (854).jpg,Healthy
Corn_Health (855).jpg,Healthy
Corn_Health (856).jpg,Healthy
Corn_Health (857).jpg,Healthy
Corn_Health (859).jpg,Healthy
Corn_Health (86).jpg,Healthy
Corn_Health (862).jpg,Healthy
Corn_Health (863).jpg,Healthy
Corn_Health (864).jpg,Healthy
Corn_Health (865).jpg,Healthy
Corn_Health (866).jpg,Healthy
Corn_Health (868).jpg,Healthy
Corn_Health (869).jpg,Healthy
Corn_Health (87).jpg,Healthy
Corn_Health (870).jpg,Healthy
Corn_Health (872).jpg,Healthy
Corn_Health (874).jpg,Healthy
Corn_Health (876).jpg,Healthy
Corn_Health (877).jpg,Healthy
Corn_Health (879).jpg,Healthy
Corn_Health (880).jpg,Healthy
Corn_Health (881).jpg,Healthy
Corn_Health (882).jpg,Healthy
Corn_Health (883).jpg,Healthy
Corn_Health (885).jpg,Healthy
Corn_Health (886).jpg,Healthy
Corn_Health (888).jpg,Healthy
Corn_Health (89).jpg,Healthy
Corn_Health (890).jpg,Healthy
Corn_Health (891).jpg,Healthy
Corn_Health (892).jpg,Healthy
Corn_Health (894).jpg,Healthy
Corn_Health (896).jpg,Healthy
Corn_Health (897).jpg,Healthy
Corn_Health (899).jpg,Healthy
Corn_Health (90).jpg,Healthy
Corn_Health (900).jpg,Healthy
Corn_Health (902).jpg,Healthy
Corn_Health (904).jpg,Healthy
Corn_Health (906).jpg,Healthy
Corn_Health (907).jpg,Healthy
Corn_Health (908).jpg,Healthy
Corn_Health (909).jpg,Healthy
Corn_Health (910).jpg,Healthy
Corn_Health (911).jpg,Healthy
Corn_Health (912).jpg,Healthy
Corn_Health (914).jpg,Healthy
Corn_Health (916).jpg,Healthy
Corn_Health (917).jpg,Healthy
Corn_Health (919).jpg,Healthy
Corn_Health (92).jpg,Healthy
Corn_Health (921).jpg,Healthy
Corn_Health (923).jpg,Healthy
Corn_Health (924).jpg,Healthy
Corn_Health (925).jpg,Healthy
Corn_Health (926).jpg,Healthy
Corn_Health (927).jpg,Healthy
Corn_Health (928).jpg,Healthy
Corn_Health (929).jpg,Healthy
Corn_Health (93).jpg,Healthy
Corn_Health (930).jpg,Healthy
Corn_Health (932).jpg,Healthy
Corn_Health (934).jpg,Healthy
Corn_Health (936).jpg,Healthy
Corn_Health (938).jpg,Healthy
Corn_Health (939).jpg,Healthy
Corn_Health (940).jpg,Healthy
Corn_Health (941).jpg,Healthy
Corn_Health (942).jpg,Healthy
Corn_Health (943).jpg,Healthy
Corn_Health (945).jpg,Healthy
Corn_Health (946).jpg,Healthy
Corn_Health (947).jpg,Healthy
Corn_Health (949).jpg,Healthy
Corn_Health (95).jpg,Healthy
Corn_Health (950).jpg,Healthy
Corn_Health (951).jpg,Healthy
Corn_Health (952).jpg,Healthy
Corn_Health (954).jpg,Healthy
Corn_Health (955).jpg,Healthy
Corn_Health (956).jpg,Healthy
Corn_Health (957).jpg,Healthy
Corn_Health (958).jpg,Healthy
Corn_Health (96).jpg,Healthy
Corn_Health (960).jpg,Healthy
Corn_Health (961).jpg,Healthy
Corn_Health (965).jpg,Healthy
Corn_Health (966).jpg,Healthy
Corn_Health (967).jpg,Healthy
Corn_Health (968).jpg,Healthy
Corn_Health (97).jpg,Healthy
Corn_Health (971).jpg,Healthy
Corn_Health (972).jpg,Healthy
Corn_Health (977).jpg,Healthy
Corn_Health (978).jpg,Healthy
Corn_Health (979).jpg,Healthy
Corn_Health (980).jpg,Healthy
Corn_Health (981).jpg,Healthy
Corn_Health (982).JPG,Healthy
Corn_Health (984).jpg,Healthy
Corn_Health (985).jpg,Healthy
Corn_Health (986).jpg,Healthy
Corn_Health (987).jpg,Healthy
Corn_Health (988).jpg,Healthy
Corn_Health (989).jpg,Healthy
Corn_Health (99).jpg,Healthy
Corn_Health (990).jpg,Healthy
Corn_Health (991).jpg,Healthy
Corn_Health (993).jpg,Healthy
Corn_Health (994).jpg,Healthy
Corn_Health (996).jpg,Healthy
Corn_Health (997).jpg,Healthy
Corn_Health (998).jpg,Healthy
Corn_Health (999).jpg,Healthy
